Region,Agriculture,Mining,Manufacturing,Power,Sewer,Construction,Vehicles,Transportation,Hotels,IT,Finance,Real Estate,Professional,Administrative,Pubic Sector,Education,Health,Entertainment,Membership Orgs,Other Goods,Overseas,Population
1,28,1,0,4,0,2,4,0,0,0,0,0,0,1,0,2,0,0,0,0,0,177
1,19,4,1,0,0,3,10,3,2,0,0,0,0,1,1,2,1,0,1,1,0,203
1,43,56,4,2,1,33,36,23,3,1,0,0,0,7,25,34,17,0,1,22,0,1254
1,13,16,5,6,0,15,23,15,5,2,0,0,0,3,36,31,19,0,1,7,0,569
1,29,52,7,1,1,15,39,21,6,0,1,0,1,5,33,20,18,0,3,9,0,935
1,24,44,5,0,2,19,30,19,7,1,2,0,1,4,16,22,10,0,6,3,0,723
1,17,24,1,0,0,10,3,2,6,0,0,0,0,1,5,2,0,0,3,4,0,337
1,108,112,4,0,0,16,16,10,2,0,0,0,1,1,6,25,1,0,2,0,0,1220
1,33,5,1,0,0,1,2,0,1,0,0,0,0,0,1,3,1,0,0,0,0,218
1,8,8,0,0,0,0,0,1,0,0,0,0,0,0,1,0,0,0,0,0,0,70
1,6,0,0,0,0,0,0,0,0,0,0,0,0,0,0,0,0,0,0,0,0,29
1,26,12,6,19,0,7,66,9,8,0,0,0,0,0,2,4,3,2,1,1,0,497
1,27,4,8,0,0,4,0,2,0,0,0,0,0,0,0,0,0,0,0,5,0,142
1,94,44,1,0,0,2,1,0,1,0,0,0,0,0,3,16,5,0,0,1,0,565
1,34,0,1,0,0,2,1,0,0,0,0,0,0,0,0,0,0,0,0,0,0,143
1,21,0,0,0,0,0,0,0,0,0,0,0,0,0,0,3,1,0,0,2,0,104
1,98,10,1,0,0,0,3,0,0,0,0,0,0,0,0,0,2,0,2,0,0,446
1,66,29,1,0,0,0,0,0,0,0,0,0,0,0,5,9,1,0,0,0,0,346
1,59,17,0,0,0,0,1,0,0,0,0,0,0,0,0,4,0,0,0,0,0,316
1,21,14,0,0,0,1,6,0,0,0,0,0,0,0,0,2,0,0,0,1,0,129
1,20,0,1,0,0,0,0,1,0,0,0,0,0,0,0,0,0,0,0,1,0,111
1,24,1,0,1,0,1,1,1,0,0,0,0,0,0,0,2,1,0,0,3,0,180
1,22,7,0,5,0,1,5,0,0,0,0,0,0,0,3,0,0,0,0,0,0,124
1,40,15,2,0,0,0,1,1,0,0,0,0,0,0,3,2,0,0,0,1,0,231
1,47,22,32,0,0,3,2,2,0,0,0,0,0,0,0,4,1,0,0,2,0,421
1,2,0,0,0,0,0,0,0,0,0,0,0,0,0,0,0,0,0,0,0,0,4
1,34,9,0,0,0,0,0,0,0,0,0,0,0,0,0,1,0,0,0,0,0,145
1,35,37,1,0,0,1,3,1,0,0,0,0,0,0,0,3,1,0,0,1,0,225
1,10,1,0,0,0,0,0,0,0,0,0,0,0,0,0,0,0,0,0,0,0,30
1,0,148,0,0,0,0,5,0,0,0,0,0,0,0,0,0,0,0,0,0,0,168
1,8,20,5,0,1,2,2,11,8,0,0,0,0,1,3,4,3,0,0,0,0,409
1,0,7,0,0,0,0,1,0,0,0,0,0,0,0,0,0,0,0,0,0,0,115
1,1,318,1,0,0,0,18,0,0,0,0,0,0,1,0,0,0,1,0,9,0,423
1,2,78,0,0,0,0,8,0,0,0,0,0,0,0,0,1,0,0,0,2,0,196
1,70,181,8,0,1,40,43,33,11,3,0,0,0,2,9,8,4,0,0,14,0,1433
1,13,117,4,1,0,7,105,32,4,0,0,0,0,5,1,25,7,0,13,15,0,1152
1,34,2,0,0,0,0,0,1,0,0,0,0,0,0,0,1,1,0,0,0,0,106
1,7,17,0,0,0,6,4,11,1,0,0,0,0,1,2,1,0,0,0,0,0,149
1,34,1,0,0,0,0,0,0,0,0,0,0,0,0,2,1,0,0,0,0,0,166
1,7,13,0,0,0,0,4,0,4,0,0,0,0,0,0,3,1,0,0,0,0,425
1,6,0,0,0,0,0,0,0,0,0,0,0,0,0,0,0,0,0,0,0,0,12
1,50,100,4,2,0,20,19,4,4,1,0,0,1,3,0,4,3,0,2,11,0,797
1,6,3,0,0,0,0,0,0,0,0,0,0,0,0,0,0,2,0,0,0,0,28
1,34,5,0,2,0,5,0,0,0,0,0,0,0,0,0,1,0,0,0,0,0,153
1,81,1,1,0,0,0,1,0,0,0,0,0,0,0,2,3,2,0,0,0,0,262
1,11,12,0,0,0,1,3,0,2,0,0,0,0,0,2,1,2,0,0,0,0,280
1,64,50,5,2,0,6,7,3,1,0,0,0,0,0,0,8,1,0,0,2,0,499
1,29,20,3,0,0,0,5,0,3,0,0,0,0,1,0,4,1,0,0,0,0,304
1,23,1,0,0,0,1,1,0,1,0,0,0,0,0,2,2,1,0,0,0,0,101
1,5,7,0,1,0,0,1,0,0,0,0,0,0,0,0,0,0,0,0,0,0,50
1,86,102,0,0,0,1,6,0,2,0,0,0,0,0,1,4,1,0,1,3,0,635
1,61,37,1,0,0,0,7,2,1,0,0,0,0,0,0,4,3,0,0,0,0,890
1,8,105,0,0,0,7,9,0,0,0,0,0,0,0,0,26,6,1,0,0,0,717
1,27,56,3,0,0,7,12,4,1,2,0,0,0,2,5,8,2,0,0,1,0,487
1,8,24,1,0,0,5,15,6,6,0,0,0,0,0,7,28,9,0,2,1,0,426
1,54,98,12,0,0,10,12,6,2,0,0,0,0,4,7,5,6,0,0,14,0,1174
1,13,61,5,0,0,6,25,14,13,1,0,0,2,3,10,24,8,0,1,4,0,556
1,70,116,6,0,0,16,23,8,9,0,0,0,2,1,7,23,14,0,1,17,0,1270
1,80,60,3,0,0,4,16,7,4,0,0,0,0,0,1,10,4,0,0,0,0,658
1,73,90,2,0,0,8,15,7,4,0,0,0,2,0,3,18,1,0,1,3,0,1169
1,27,13,0,0,0,0,1,0,0,0,0,0,0,0,0,2,1,0,0,0,0,193
1,5,22,0,0,0,0,3,0,0,0,0,0,0,0,0,1,0,0,0,0,0,99
1,26,7,4,0,0,4,8,2,0,1,1,0,1,1,5,6,1,0,1,3,0,448
1,11,18,0,0,0,0,3,1,0,0,0,0,0,0,0,2,0,0,0,2,0,113
1,2,128,0,0,0,0,7,0,0,0,0,0,0,0,1,4,1,0,0,0,0,479
1,0,18,0,0,0,0,1,0,0,0,0,0,0,0,0,0,0,0,0,0,0,36
1,12,167,0,0,0,0,12,0,0,0,0,0,0,0,0,0,0,0,0,0,0,570
2,131,12,4,0,0,3,1,7,2,0,0,0,0,1,0,10,1,0,0,3,0,526
2,86,18,2,0,0,3,2,2,0,0,0,0,0,1,1,9,2,0,1,4,0,420
2,92,62,54,1,0,39,62,84,2,4,2,0,0,9,11,17,9,0,6,20,0,1384
2,38,1,11,4,0,14,8,14,0,0,0,0,0,0,3,4,2,0,0,3,0,307
2,7,0,0,0,0,2,4,2,0,0,1,0,0,0,0,3,1,0,2,0,0,52
2,27,1,12,2,1,9,20,3,1,0,0,0,1,2,6,6,3,0,0,1,0,247
2,32,13,9,3,2,12,22,17,2,1,0,0,0,2,7,11,5,0,1,5,0,386
2,34,3,11,1,0,8,7,15,0,0,0,0,0,1,4,5,2,0,0,0,0,235
2,20,3,8,0,1,35,12,10,1,0,0,0,0,1,4,6,0,0,3,1,0,323
2,9,6,11,2,0,9,6,10,0,0,0,0,3,1,0,2,0,0,3,1,0,208
2,14,21,3,0,0,12,12,10,0,3,1,0,1,2,3,9,0,1,2,3,0,273
2,10,1,8,0,1,14,10,8,0,0,0,0,2,0,0,5,1,0,27,0,0,247
2,16,6,10,0,0,15,18,10,0,0,0,0,1,6,3,12,3,0,6,2,0,338
2,63,17,9,3,0,39,38,28,1,0,0,1,1,2,16,36,5,1,3,15,0,809
2,36,13,10,1,1,16,17,34,1,0,0,0,0,8,10,9,5,2,3,5,0,499
2,93,23,57,17,2,38,126,56,4,0,0,0,5,9,31,23,22,0,15,13,0,1334
2,40,89,21,4,1,40,26,21,1,1,1,0,0,5,19,35,16,0,19,6,0,1095
2,7,17,16,2,0,19,24,20,10,1,3,0,4,12,25,29,59,0,4,6,1,678
2,0,0,0,0,0,0,2,0,0,0,0,0,0,0,2,0,0,0,0,0,0,6
2,19,0,8,0,0,9,13,15,4,2,1,0,1,7,18,13,12,0,1,2,0,499
2,37,12,20,6,2,25,30,11,1,2,0,0,3,8,17,15,21,0,6,13,0,573
2,38,15,12,2,4,20,31,8,2,3,3,0,1,7,17,17,22,2,0,2,0,499
2,64,5,36,1,2,27,50,15,1,0,1,0,5,7,28,22,11,0,6,7,0,697
2,13,4,11,0,0,5,10,4,0,0,0,0,0,4,9,7,5,0,3,0,0,205
2,49,36,3,0,0,3,2,0,0,0,1,0,1,1,3,5,3,0,1,3,0,359
2,51,114,4,0,1,8,20,4,6,0,1,0,0,5,10,6,2,0,22,2,0,854
2,69,54,1,0,0,1,7,4,8,0,0,0,0,1,4,14,3,1,1,1,0,576
2,100,33,4,0,0,3,6,2,0,0,0,0,0,0,3,6,2,1,2,3,0,523
2,11,0,5,0,0,5,19,1,0,0,0,0,0,3,3,2,0,0,0,1,0,123
2,9,0,1,0,0,7,1,4,0,0,0,0,0,1,2,1,2,0,0,1,0,75
2,56,3,10,2,3,8,27,10,1,0,1,0,1,2,3,6,7,0,4,1,0,413
2,17,3,7,3,3,4,10,2,0,0,0,0,1,0,1,1,1,0,0,0,0,127
2,16,3,4,0,0,6,7,6,0,0,0,0,1,3,4,5,1,0,0,1,0,163
2,4,5,7,0,0,2,9,5,0,0,0,0,0,1,0,2,2,0,1,2,0,93
2,7,0,2,1,2,7,5,3,0,0,1,0,0,4,2,0,0,0,0,0,0,96
2,1,0,0,0,0,0,5,1,0,0,0,0,0,0,0,1,0,0,0,0,0,17
2,28,35,22,3,2,27,43,19,3,1,6,0,0,11,25,16,8,1,6,2,0,692
2,9,21,5,4,0,31,22,6,1,0,2,0,0,4,10,10,4,0,2,1,0,474
2,11,4,5,0,0,4,10,6,1,0,1,0,0,1,5,6,0,0,1,0,0,319
2,0,0,1,0,0,1,2,1,0,0,0,0,0,0,2,1,0,0,0,0,0,22
2,11,7,23,1,0,17,30,9,4,0,0,0,0,3,5,5,1,0,3,1,0,318
2,46,5,50,2,2,19,81,25,8,1,2,0,3,9,17,20,2,1,20,5,0,782
2,41,5,2,0,1,20,36,12,1,0,1,0,2,1,17,5,3,0,0,5,0,402
2,21,0,3,1,0,1,11,5,0,1,0,0,1,1,3,4,3,0,1,1,0,171
2,33,0,4,0,0,3,11,9,2,1,0,0,0,3,4,5,0,0,0,0,0,213
2,15,2,3,1,1,3,11,8,0,0,1,0,1,4,0,5,2,0,0,0,0,151
2,15,3,2,0,0,5,9,2,0,0,2,0,0,0,1,0,0,0,0,1,0,90
2,42,21,16,5,0,80,59,24,4,0,6,0,2,9,19,26,7,2,9,7,0,886
2,29,15,15,4,2,53,42,14,3,0,2,0,0,14,18,19,2,0,2,10,0,725
2,137,33,60,11,2,91,159,21,25,8,12,0,8,23,123,66,9,6,17,15,0,2064
2,40,31,29,10,2,70,72,15,18,3,9,0,3,24,35,23,5,1,19,0,0,999
2,47,36,37,10,1,100,73,17,11,4,18,0,4,29,43,33,4,0,33,9,0,1306
2,17,1,8,2,0,26,15,10,1,0,7,0,2,3,7,6,2,0,2,3,0,324
2,101,24,38,8,5,49,99,26,5,2,5,0,4,7,23,21,2,0,17,19,0,1355
2,2,0,2,0,0,5,6,5,1,0,1,0,0,2,4,1,1,0,0,3,0,187
2,13,22,4,3,1,13,16,11,10,1,4,0,0,2,9,18,4,0,2,2,0,358
2,67,3,1,2,0,41,25,15,0,1,1,0,0,2,9,6,3,0,3,14,0,480
2,40,11,18,1,0,27,20,11,3,1,3,0,0,10,11,7,2,0,3,1,0,472
2,77,15,24,2,1,18,27,19,0,1,2,0,2,5,8,8,3,0,3,6,0,619
2,71,7,16,1,2,32,26,11,0,3,0,0,0,1,8,11,4,0,5,4,0,603
2,56,3,11,0,0,25,7,3,0,0,0,0,0,0,2,6,0,0,1,3,0,301
2,45,0,2,1,0,16,7,3,1,0,1,0,0,1,0,0,1,0,5,1,0,261
2,40,3,19,0,0,24,13,6,1,2,0,0,2,1,11,4,0,1,1,5,0,336
2,11,3,10,0,0,5,1,4,0,0,0,0,0,0,0,0,0,0,0,0,0,91
2,15,2,10,0,0,5,2,2,0,0,0,0,2,0,3,2,3,0,1,1,0,145
2,67,33,9,3,8,16,30,20,12,2,0,0,0,13,23,26,6,1,14,1,0,994
2,68,61,8,0,1,7,19,3,2,0,0,0,0,2,3,4,0,0,1,6,0,544
2,45,13,3,0,0,9,20,8,3,0,0,0,0,2,2,8,3,0,3,1,0,351
2,4,9,0,0,0,5,2,2,0,0,0,0,0,1,1,2,0,0,2,1,0,70
2,34,3,9,0,0,1,8,4,5,0,0,0,0,1,8,0,2,1,0,0,0,244
2,14,1,1,0,0,5,3,0,0,0,0,0,0,1,2,0,1,0,0,1,0,83
2,26,1,1,0,0,5,5,8,3,1,0,0,3,2,4,3,0,0,1,0,0,181
2,2,0,0,0,0,0,0,0,0,0,0,0,0,0,0,0,0,0,0,0,0,4
2,29,0,0,0,0,0,3,11,0,0,0,0,1,0,0,5,0,0,0,0,0,128
2,4,1,0,0,0,0,0,2,0,0,0,0,0,0,0,2,0,0,0,0,0,21
2,6,0,1,0,0,0,2,0,0,0,0,0,0,0,0,1,0,0,1,0,0,28
2,74,35,17,1,0,18,46,20,5,0,1,0,1,4,12,12,3,1,13,5,0,763
2,13,56,9,1,0,20,83,13,12,0,0,0,3,7,11,16,5,0,2,15,0,641
2,50,189,14,3,0,54,97,32,12,2,0,0,3,16,16,34,13,1,9,8,0,1485
2,1,0,1,0,0,1,0,0,0,0,0,0,0,1,0,0,0,0,0,0,0,8
2,12,15,3,1,0,4,1,0,0,0,0,0,0,0,0,0,1,0,1,1,0,92
2,6,2,0,0,0,1,3,0,0,0,0,0,0,0,0,0,0,0,0,0,0,24
2,7,2,1,0,0,0,0,0,0,0,0,0,0,0,0,1,0,0,0,0,0,25
2,22,11,3,0,0,0,4,0,0,0,0,0,0,0,0,2,0,1,0,0,0,85
2,8,3,0,0,0,0,1,3,0,0,0,0,0,0,0,0,0,0,0,0,0,36
2,3,2,0,0,0,0,0,0,0,0,0,0,0,0,0,0,0,0,0,0,0,8
2,51,19,0,0,0,0,0,0,0,0,0,0,0,0,0,0,0,0,0,0,0,197
2,8,7,0,0,0,0,0,0,0,0,0,0,0,0,0,0,0,0,0,1,0,64
2,11,4,0,0,0,0,1,1,0,0,0,0,0,0,0,0,0,0,0,0,0,47
2,55,3,1,0,0,0,0,0,0,0,0,0,0,1,0,0,0,0,5,3,0,158
2,10,3,0,0,0,0,1,1,1,0,0,0,0,0,0,1,0,0,0,0,0,35
2,3,1,0,0,0,0,0,0,0,0,0,0,0,0,0,0,0,0,0,1,0,6
2,6,11,1,0,0,0,1,1,0,0,0,0,0,0,0,0,0,0,0,0,0,73
2,34,19,2,0,0,0,1,3,0,0,0,0,0,0,1,2,0,0,0,0,0,170
2,5,3,0,0,0,0,0,0,0,0,0,0,0,0,0,0,0,0,0,0,0,30
2,13,8,0,0,0,0,0,0,0,0,0,0,1,0,0,0,1,0,0,0,0,59
2,14,9,1,0,0,1,0,0,0,1,0,0,0,0,0,3,0,0,0,1,0,57
2,11,8,0,0,0,0,1,0,1,0,0,0,0,0,0,0,0,0,0,0,0,49
2,4,3,0,0,0,2,1,0,0,0,0,0,0,0,0,1,0,0,0,1,0,30
2,11,8,1,0,0,0,0,0,0,0,0,0,0,0,0,2,0,0,0,0,0,63
2,1,1,0,0,0,0,1,0,0,0,0,0,0,0,0,0,0,0,0,0,0,8
2,24,17,1,0,0,0,3,0,0,0,0,0,0,0,0,3,0,0,0,0,0,135
2,8,2,0,0,0,0,0,0,2,0,0,0,0,0,0,0,0,0,0,0,0,35
2,9,3,0,0,0,0,0,0,0,0,0,0,0,0,0,0,1,0,0,0,0,48
2,30,7,0,0,0,0,0,0,0,0,0,0,0,0,0,0,1,0,0,0,0,113
2,4,1,0,0,0,0,0,0,0,0,0,0,0,0,0,1,0,0,0,0,0,18
2,21,9,0,0,0,0,0,0,0,0,0,0,0,0,0,1,0,0,0,0,0,106
2,11,9,0,0,0,1,1,0,0,0,0,0,0,0,0,0,0,0,0,0,0,81
2,14,6,0,0,0,0,1,0,0,0,0,0,0,0,0,0,0,0,0,0,0,44
2,9,34,0,0,0,1,3,0,0,0,0,0,0,0,0,5,0,0,1,0,0,137
2,3,2,0,0,0,0,0,0,0,0,0,0,0,0,0,0,0,0,0,0,0,39
2,0,1,0,0,0,0,0,1,0,0,0,0,0,0,0,0,0,0,0,0,0,11
2,1,1,0,0,0,0,0,0,0,0,0,0,0,0,0,0,0,0,0,0,0,19
2,1,0,0,0,0,0,0,0,0,0,0,0,0,0,0,0,0,0,0,0,0,7
2,23,4,0,0,0,0,0,1,0,0,0,0,0,0,0,1,0,0,0,0,0,119
2,3,0,0,0,0,0,0,0,0,0,0,0,0,0,0,0,0,0,0,0,0,20
2,3,0,0,0,0,0,0,1,0,0,0,0,0,0,0,0,0,0,0,0,0,12
2,1,1,0,0,0,0,0,0,0,0,0,0,0,0,0,0,0,0,0,0,0,8
2,3,1,0,0,0,0,0,0,0,0,0,0,0,0,0,1,0,0,0,0,0,34
2,1,1,0,0,0,0,1,0,0,0,0,0,0,0,0,0,0,0,0,0,0,11
2,6,0,0,0,0,0,0,0,0,0,0,0,0,0,0,0,0,0,1,0,0,19
2,4,1,2,0,0,0,0,1,0,0,0,0,0,0,1,0,0,0,0,0,0,25
2,2,0,0,0,0,1,0,0,0,0,0,0,0,0,0,1,0,0,0,0,0,19
2,48,55,2,0,0,1,22,0,0,0,0,0,0,2,2,8,0,0,0,1,0,357
2,14,8,0,0,0,0,1,2,0,0,0,0,0,1,0,2,1,0,0,0,0,61
2,9,10,0,0,0,0,1,2,0,0,0,0,0,0,0,0,0,0,0,1,0,53
2,1,0,1,0,0,0,0,1,0,0,0,0,0,0,0,0,0,0,0,0,0,11
2,4,5,0,0,0,0,0,0,0,0,0,0,0,0,0,1,0,0,0,0,0,22
2,1,1,0,0,0,0,0,0,1,0,0,0,0,0,0,0,0,0,0,0,0,5
2,3,0,0,0,0,0,0,0,0,0,0,0,0,0,0,0,0,0,0,0,0,11
2,5,0,0,0,0,0,0,0,0,0,0,0,0,0,0,0,0,0,0,0,0,10
2,1,1,0,0,0,0,0,0,0,0,0,0,0,0,0,0,0,0,0,2,0,16
2,8,9,4,0,0,0,2,1,0,0,0,0,0,0,0,0,0,0,0,1,0,58
2,8,7,0,0,0,0,1,1,0,0,0,0,0,0,0,0,0,0,0,0,0,35
2,0,3,0,0,0,0,0,1,0,0,0,0,0,0,0,0,0,0,0,0,0,14
2,8,1,0,0,0,0,1,0,0,0,0,0,0,0,0,0,0,0,0,0,0,33
2,8,1,0,0,0,0,1,0,0,0,0,0,0,0,0,3,0,0,0,2,0,38
2,20,4,0,0,0,0,1,1,0,0,0,0,0,0,0,1,0,0,1,1,0,67
2,18,7,1,0,0,0,2,2,0,0,0,0,0,0,0,3,0,0,0,0,0,101
2,50,34,6,0,0,0,3,3,0,0,0,0,0,0,0,2,1,0,0,1,0,275
2,96,102,22,0,0,2,5,4,0,0,0,0,0,0,0,13,0,0,0,3,0,704
2,148,50,47,0,0,2,23,2,0,0,0,0,1,0,0,15,3,0,5,0,0,746
2,16,11,5,0,0,0,2,2,0,0,0,0,0,0,0,3,0,0,0,1,0,107
2,10,15,4,0,0,1,3,0,1,0,0,0,0,0,0,2,0,1,0,0,0,105
2,26,45,35,0,0,4,9,1,2,0,0,0,0,1,4,11,3,0,4,4,0,464
2,70,49,3,0,0,6,7,0,0,0,0,0,0,1,0,12,2,0,1,6,0,504
2,42,6,1,0,0,0,1,1,0,0,0,0,0,1,2,0,2,0,0,0,0,189
2,87,48,4,0,0,2,4,4,0,0,0,0,0,2,1,9,2,1,0,0,0,649
2,112,82,4,0,0,0,1,2,2,0,0,0,0,1,2,10,1,0,0,0,0,729
2,87,67,0,0,0,2,1,0,0,0,0,0,0,0,0,1,0,0,0,2,0,517
2,339,135,7,0,0,10,14,11,4,0,1,0,0,3,2,23,4,0,4,2,0,1807
3,5,0,0,0,0,0,0,0,0,1,0,0,0,0,0,0,0,0,0,0,0,22
3,1,0,0,0,0,0,0,0,0,0,0,0,0,0,0,0,0,0,0,0,0,5
3,1,0,0,0,0,0,0,0,0,0,0,0,0,0,0,0,0,0,0,0,0,1
3,3,0,0,0,0,0,0,0,0,0,0,0,0,0,0,0,0,0,0,0,0,7
3,5,0,0,0,0,0,0,0,0,0,0,0,0,0,0,2,0,0,0,0,0,16
3,4,3,0,0,0,0,0,0,0,0,0,0,0,0,0,0,0,0,0,0,0,17
3,1,6,0,0,0,1,2,0,0,0,0,0,0,0,0,1,0,0,0,0,0,25
3,0,1,0,0,0,1,0,0,0,0,0,0,0,0,0,1,0,0,0,0,0,8
3,2,0,0,0,0,0,0,0,0,0,0,0,0,0,0,0,0,0,0,0,0,6
3,2,0,0,0,0,0,0,0,0,0,0,0,0,0,0,1,0,0,0,0,0,4
3,3,0,0,0,0,0,0,0,0,0,0,0,0,0,0,1,0,0,0,0,0,17
3,2,0,0,0,0,0,0,0,0,0,0,0,0,0,0,0,0,0,0,0,0,9
3,3,0,0,0,0,0,0,0,0,0,0,0,0,0,0,0,0,0,0,0,0,12
3,20,0,1,0,0,0,1,0,0,0,0,0,0,0,0,0,0,0,0,0,0,48
3,8,0,0,0,0,0,1,0,0,0,0,0,0,0,0,0,0,0,0,0,0,29
3,2,0,0,0,0,0,1,0,0,0,0,0,0,0,0,0,0,0,0,0,0,6
3,10,0,0,0,0,0,0,0,0,0,0,0,0,0,0,0,0,0,0,0,0,24
3,9,0,4,0,0,0,0,0,0,0,0,0,0,0,0,2,0,0,0,0,0,24
3,13,7,4,0,0,0,2,1,0,0,0,0,0,0,0,0,0,0,0,0,0,72
3,1,0,0,0,0,0,0,0,0,0,0,0,0,0,0,0,0,0,0,0,0,1
3,4,0,1,0,0,1,0,1,0,0,0,0,0,0,0,2,0,0,0,0,0,25
3,19,0,0,0,0,2,4,0,0,0,0,0,0,1,0,0,0,0,0,0,0,62
3,39,5,8,0,0,5,4,1,0,0,0,0,1,2,1,7,2,14,2,0,0,277
3,3,0,0,0,0,0,0,0,0,0,0,0,0,0,0,0,0,0,0,0,0,10
3,3,0,0,0,0,0,0,0,0,0,0,0,0,0,0,0,0,0,0,0,0,9
3,3,0,0,0,0,0,0,0,0,0,0,0,0,0,0,0,0,0,0,0,0,4
3,2,0,0,0,0,1,0,0,0,0,0,0,0,0,0,0,0,0,0,1,0,4
3,1,0,0,0,0,0,0,0,0,0,0,0,0,0,0,0,0,0,0,0,0,1
3,1,0,0,0,0,0,0,0,0,0,0,0,0,0,0,0,0,0,0,0,0,2
3,1,3,0,0,0,1,0,0,0,0,0,0,0,0,1,1,1,0,0,0,0,19
3,2,0,0,0,0,3,0,0,0,0,0,0,0,0,1,0,0,0,0,0,0,10
3,6,0,1,0,0,2,0,1,0,0,0,0,0,0,1,0,0,0,0,0,0,36
3,3,0,0,0,0,0,0,0,0,0,0,0,0,0,0,0,0,0,0,0,0,6
3,19,0,0,0,0,1,1,0,0,0,0,0,0,0,0,0,0,0,0,0,0,59
3,1,0,1,0,0,0,1,0,0,0,0,0,0,0,0,0,0,0,0,0,0,12
3,18,1,0,0,0,1,0,0,0,0,0,0,0,0,1,7,1,0,0,1,0,91
3,69,8,23,3,0,8,17,8,1,1,1,0,1,1,3,8,3,0,1,3,0,415
3,96,4,21,2,0,10,26,5,3,3,1,0,0,2,2,9,1,1,3,2,0,530
3,231,19,172,6,1,53,147,51,11,6,12,0,3,25,33,36,21,3,18,24,0,2307
3,7,0,9,0,0,0,0,1,0,0,0,0,0,0,0,0,0,0,0,0,0,56
3,1,0,2,0,0,0,5,0,1,0,0,0,0,0,0,0,0,0,0,0,0,19
3,222,30,185,8,3,64,146,61,18,3,12,0,9,13,39,49,14,4,24,32,1,2324
3,86,47,142,7,5,61,127,67,26,1,5,0,2,23,66,41,19,2,19,8,1,1997
3,56,1,25,1,1,11,30,13,4,0,1,0,1,6,14,9,2,1,5,1,0,458
3,227,22,115,3,0,123,165,87,9,2,4,0,6,9,46,20,11,2,15,37,2,2472
3,44,6,25,1,1,15,37,13,0,0,1,0,0,3,5,5,2,1,8,4,0,437
3,3,0,2,0,0,5,3,0,0,0,0,0,1,0,0,0,0,0,0,0,0,26
3,9,0,3,1,0,1,8,3,0,0,0,0,0,0,2,1,2,0,0,2,0,76
3,14,3,1,1,0,3,4,6,1,0,0,0,0,0,1,1,0,0,0,0,0,83
3,16,0,5,1,0,8,9,9,0,1,2,0,1,0,2,4,0,0,1,1,0,163
3,82,3,14,1,0,22,54,15,1,0,4,0,3,5,3,1,1,0,5,4,0,507
3,132,6,20,1,0,24,61,27,5,0,2,0,1,4,7,5,6,1,1,2,0,751
3,38,3,20,2,0,15,35,14,2,1,4,0,0,0,2,7,3,1,6,7,0,374
3,15,0,12,1,1,5,15,13,0,1,1,0,0,2,1,0,3,0,6,2,0,204
3,30,1,2,1,0,3,6,1,0,0,0,0,0,0,3,0,1,0,1,0,0,113
3,7,1,7,0,0,2,1,5,0,0,1,0,0,0,0,1,1,0,1,0,0,71
3,62,15,56,9,4,70,99,60,10,4,4,0,4,9,39,39,18,1,14,12,2,1452
3,8,0,21,1,0,10,34,12,2,0,1,0,0,6,16,11,7,0,10,2,0,349
3,3,0,0,0,0,3,1,1,0,0,0,0,0,0,1,0,0,0,1,1,0,35
3,18,8,15,5,0,40,48,16,9,4,3,0,4,3,24,22,7,1,8,4,0,550
3,43,42,95,7,1,99,150,60,27,9,9,1,4,32,80,43,26,6,28,18,3,1892
3,0,0,1,0,1,0,4,1,0,0,1,0,0,0,4,0,2,0,1,0,0,30
3,5,1,2,1,0,9,8,8,1,1,0,0,0,2,3,6,1,0,1,0,0,134
3,3,0,0,0,0,6,4,4,0,0,0,0,0,1,5,1,2,0,0,4,0,64
3,10,4,6,3,0,11,19,9,2,0,1,0,0,0,1,2,5,0,0,0,0,197
3,12,1,0,0,0,4,2,1,0,0,0,0,1,0,0,0,1,0,1,0,0,53
3,9,1,2,0,0,9,8,6,0,1,1,0,0,0,3,1,1,0,2,0,0,118
3,6,2,3,0,0,7,8,0,1,1,0,0,3,2,1,2,0,0,1,3,0,126
3,4,0,3,0,0,4,5,4,0,0,0,0,1,0,2,2,1,0,1,0,0,51
3,3,0,1,0,0,1,1,2,0,0,0,0,0,0,0,0,0,0,0,0,0,15
3,8,0,1,0,0,6,9,0,0,0,0,0,0,0,0,0,0,0,0,0,0,55
3,22,1,2,0,0,1,6,2,0,0,0,0,1,0,0,0,0,0,0,0,0,90
3,14,0,1,0,0,1,0,2,0,0,0,0,0,0,0,0,0,0,0,0,0,48
3,17,0,2,1,0,1,4,3,0,0,0,0,0,0,0,1,0,0,0,2,0,69
3,26,0,2,0,0,0,4,6,0,0,0,0,0,0,4,0,0,1,2,2,0,112
3,40,0,3,0,0,5,15,10,0,0,1,0,0,0,4,4,0,0,0,2,0,237
3,55,1,3,1,0,28,19,6,0,0,1,0,0,1,4,4,3,0,6,24,0,381
3,24,0,3,0,1,11,12,3,0,0,0,0,0,1,2,2,2,0,1,0,0,156
3,16,0,2,0,0,5,12,4,0,1,2,0,0,0,0,2,0,0,1,1,0,108
3,25,0,3,0,0,0,4,0,0,0,0,0,2,0,0,0,0,0,0,0,0,73
3,12,0,9,0,0,2,9,5,0,0,0,0,0,0,0,0,0,0,0,0,0,105
3,8,0,2,0,0,2,0,1,0,0,0,0,0,1,0,0,0,0,0,0,0,35
3,10,0,1,0,0,7,4,3,0,0,1,0,1,0,1,0,2,0,1,1,0,79
3,5,0,0,0,0,5,3,0,0,0,0,0,0,0,0,1,0,0,0,0,0,43
3,13,1,3,0,0,5,3,2,0,0,1,0,0,1,1,2,1,0,1,0,0,93
3,6,0,2,0,0,1,7,3,0,0,0,0,0,0,2,0,1,0,0,0,0,75
3,12,0,2,0,0,3,8,1,0,0,0,0,0,0,0,0,1,0,0,0,0,79
3,11,0,1,0,0,4,4,4,0,0,0,0,0,0,0,0,3,0,0,0,0,86
3,13,0,4,0,0,3,5,2,1,0,0,0,0,0,2,1,0,0,0,0,0,84
3,0,0,0,0,0,2,0,0,0,0,0,0,0,0,0,0,0,0,0,0,0,6
3,14,15,41,2,1,57,49,40,12,6,3,0,5,18,35,15,15,5,9,14,1,952
3,23,26,46,11,5,85,85,59,20,7,9,0,4,29,90,34,19,3,19,19,1,1414
3,44,36,81,9,6,174,168,95,46,12,15,1,7,48,121,46,27,5,24,46,4,2463
3,28,33,43,14,6,94,85,59,19,11,23,0,22,16,79,53,16,8,23,18,5,1495
3,138,35,137,10,4,152,270,138,24,18,18,0,20,32,66,48,23,10,60,43,2,3228
3,0,1,0,0,0,1,0,1,0,0,0,0,0,1,1,0,0,0,0,0,0,16
3,3,0,2,0,0,4,0,1,0,0,0,0,1,1,2,1,1,0,0,0,0,60
3,140,20,121,10,12,133,225,71,34,18,14,0,9,33,55,38,15,7,28,23,3,2644
3,1,3,12,0,0,7,20,5,2,2,2,0,0,1,8,4,4,1,6,0,0,202
3,5,2,8,4,4,14,11,11,1,3,3,0,0,0,9,10,3,1,4,11,0,258
3,72,50,120,19,38,210,315,135,51,14,26,1,18,55,164,89,54,14,56,50,4,3986
3,10,6,7,2,1,19,50,15,7,2,4,0,5,2,16,3,9,0,7,3,1,469
3,44,37,88,15,6,126,271,105,33,16,35,2,24,34,83,41,39,7,42,40,5,2621
3,105,118,152,29,26,267,354,174,55,22,39,1,14,73,144,82,88,4,52,52,3,4514
3,5,1,1,3,1,9,8,6,1,0,1,0,0,0,1,0,0,0,1,2,0,115
3,10,5,6,0,1,3,8,4,2,0,1,0,3,0,1,0,0,0,2,2,0,111
3,8,0,0,0,0,0,4,2,1,0,0,0,0,0,0,0,0,0,1,0,0,29
3,6,0,7,0,2,6,7,4,2,0,0,0,1,0,3,0,0,0,3,4,0,119
3,0,1,4,0,1,4,7,2,1,0,0,0,0,0,0,1,0,0,1,1,0,66
3,20,4,12,2,0,16,23,7,4,0,4,0,1,3,2,3,0,0,2,0,0,249
3,54,3,27,3,0,19,51,13,4,4,5,0,2,4,17,8,2,1,9,17,0,643
3,165,9,55,5,2,67,130,77,13,5,16,1,9,4,27,23,9,2,14,12,1,1602
3,52,3,25,1,9,23,44,34,5,3,6,0,5,1,16,13,3,0,7,11,0,720
3,25,23,17,5,1,26,55,39,4,4,4,0,2,21,10,19,9,1,5,6,0,692
3,16,13,40,5,0,63,30,21,13,6,10,0,0,18,54,25,18,4,6,8,2,938
3,6,8,6,2,2,15,8,5,2,0,3,0,1,7,14,10,6,0,5,0,0,300
3,104,11,71,3,5,65,81,46,10,5,8,0,6,12,30,30,15,3,11,3,1,1319
3,147,47,173,10,8,137,249,116,25,17,22,0,18,23,81,66,34,3,34,30,2,3161
3,144,49,128,11,6,135,207,96,22,10,22,1,10,17,43,34,23,2,28,38,0,2822
3,23,3,16,0,0,20,26,5,1,1,1,0,1,2,2,1,0,0,6,8,0,303
3,50,9,34,12,1,46,64,28,2,1,3,0,4,9,16,17,2,1,4,15,1,796
3,42,22,84,4,7,78,142,58,9,9,18,0,7,10,58,30,14,0,21,17,1,1555
3,168,47,151,14,8,111,162,61,15,11,22,0,4,24,129,51,45,5,30,36,3,2808
3,127,46,198,15,3,94,204,101,24,16,22,0,7,22,83,41,29,3,21,26,1,2980
3,75,17,25,2,0,37,37,22,3,6,1,0,3,3,9,11,1,1,8,7,1,753
3,102,15,54,0,2,50,97,38,7,4,7,0,6,9,13,36,7,4,16,23,0,1237
3,318,59,161,5,2,212,291,141,19,15,7,0,10,29,77,61,16,1,38,39,1,3910
3,53,32,31,2,0,33,68,33,8,4,5,0,0,15,32,18,9,1,10,9,0,1015
3,314,75,134,10,3,271,256,104,9,4,12,0,1,20,25,36,16,3,21,64,0,3933
3,375,262,262,20,17,595,500,360,39,20,25,1,20,39,149,142,39,8,85,80,1,8286
3,106,77,82,16,2,84,120,81,8,3,12,0,2,10,49,33,14,2,28,13,0,1942
3,70,3,10,0,2,12,30,6,4,0,3,0,0,1,9,4,2,1,1,1,0,429
3,14,0,0,0,0,4,15,10,2,1,0,0,1,2,4,0,0,1,1,0,0,131
3,52,11,11,0,0,22,24,36,5,0,3,0,2,2,4,3,5,0,8,3,0,571
3,21,7,10,0,0,13,17,11,2,0,1,0,0,1,6,2,1,0,8,7,0,315
3,68,19,5,1,2,15,21,13,4,0,1,0,1,2,3,1,3,0,7,1,0,491
3,16,66,8,2,0,8,21,10,2,3,0,0,0,8,8,8,4,0,5,5,0,418
3,11,2,4,0,0,2,5,6,0,2,0,0,1,1,0,1,1,0,0,0,0,102
3,31,16,2,0,0,13,16,12,0,2,4,0,1,4,4,6,0,0,3,3,1,269
3,4,5,3,0,0,5,4,9,1,1,0,0,0,2,0,1,0,2,3,2,0,97
3,9,5,4,0,1,15,22,15,2,0,1,0,0,4,9,3,2,0,4,0,0,226
3,354,132,115,12,3,136,286,226,54,5,14,2,4,21,28,63,16,5,50,88,0,4385
3,20,3,4,0,2,12,5,9,2,0,0,0,0,3,4,8,3,0,4,0,0,245
3,0,3,0,1,1,9,0,7,0,0,1,0,0,2,2,0,2,0,2,0,0,108
3,29,1,4,0,0,4,5,7,0,0,1,0,0,2,0,1,3,0,0,0,0,199
3,21,3,5,0,0,3,12,9,2,0,0,0,0,3,1,3,1,0,0,5,0,134
3,43,2,3,2,0,3,15,2,3,1,0,0,0,0,4,3,0,0,0,3,0,194
3,2,0,7,0,0,2,4,0,1,0,0,0,0,0,2,0,0,0,0,0,0,38
3,18,3,10,0,0,9,6,1,1,0,0,0,1,0,2,1,1,0,4,2,0,142
3,4,1,1,0,0,1,6,0,0,1,0,0,0,0,0,0,0,0,0,0,0,31
3,17,5,2,0,0,4,7,6,1,0,0,0,0,1,0,0,0,0,1,6,0,121
3,8,2,5,0,0,2,3,0,0,0,0,0,0,4,0,2,0,0,1,3,0,89
3,8,1,18,0,0,1,2,1,1,0,0,0,0,2,2,0,0,0,0,1,0,108
3,52,1,60,0,0,20,15,19,0,1,2,0,0,2,3,3,0,0,8,2,0,460
3,33,3,10,0,0,1,6,2,0,2,0,0,0,1,5,2,0,0,1,1,0,161
3,38,3,7,0,0,3,7,8,0,0,0,0,0,0,3,0,2,1,0,2,0,167
3,27,9,9,1,0,4,11,10,0,0,0,0,0,1,2,2,3,0,0,1,0,183
3,51,6,1,0,0,0,1,2,0,0,0,0,0,0,0,0,0,0,0,0,0,188
3,1,0,0,0,0,0,0,0,0,0,0,0,0,0,0,0,0,0,0,0,0,2
3,17,2,0,0,0,1,0,0,0,0,0,0,0,0,1,0,0,0,0,0,0,64
3,21,4,0,0,0,0,0,0,0,0,0,0,0,0,0,0,0,0,0,0,0,56
3,15,0,0,0,0,0,0,0,0,0,0,0,0,0,1,1,3,0,0,0,0,49
3,207,2,2,0,0,1,5,2,0,0,0,0,0,2,3,11,1,0,0,1,0,552
3,81,11,0,0,0,0,7,3,0,0,0,0,0,0,1,5,4,0,0,2,0,315
3,4,3,0,0,0,0,1,2,1,0,0,0,0,0,7,1,0,0,0,1,0,42
3,13,7,1,0,0,0,0,0,0,0,0,0,0,0,1,3,1,1,0,2,0,105
3,36,2,2,0,0,1,1,0,0,0,0,0,0,0,0,0,0,0,0,1,0,66
3,51,20,47,0,0,0,3,3,1,0,0,0,0,0,3,5,1,0,1,0,0,292
3,16,2,0,2,0,0,0,0,0,0,0,0,0,1,8,2,1,0,0,1,0,82
3,86,3,0,0,0,0,3,0,0,0,0,0,0,0,0,5,1,0,1,0,0,199
3,5,1,1,0,0,2,1,3,0,0,0,0,0,0,0,0,0,0,2,0,0,42
3,50,0,4,1,0,1,7,9,1,0,0,0,0,1,4,6,0,0,1,1,0,211
3,19,0,0,0,0,1,2,3,0,0,0,0,0,1,3,1,1,0,0,0,0,100
3,22,0,8,2,0,0,8,2,0,0,0,0,0,0,3,4,1,0,0,0,0,142
3,34,0,5,0,0,3,7,1,0,0,0,0,0,2,0,2,0,0,0,0,0,151
3,2,0,0,0,0,0,0,0,0,0,0,0,0,0,0,0,0,0,0,0,0,4
3,70,2,4,0,1,5,12,3,1,0,0,0,0,0,4,5,1,0,1,3,0,254
3,2,0,0,0,0,0,0,0,0,0,0,0,0,0,1,0,0,0,0,0,0,7
3,4,0,1,0,0,0,0,0,0,0,0,0,0,0,0,0,0,0,0,1,0,19
3,18,0,1,0,0,7,7,3,0,0,0,0,0,2,1,1,0,0,0,2,0,142
3,13,0,0,0,0,2,7,0,0,0,0,0,0,0,1,0,0,0,8,0,0,75
3,9,0,0,0,0,0,0,2,0,0,0,0,0,0,5,1,0,0,2,2,0,52
3,7,0,0,1,0,1,1,0,0,0,0,0,0,0,6,0,0,0,0,0,0,59
3,14,1,1,0,0,0,0,9,0,0,0,0,0,0,5,0,0,0,0,0,0,72
3,132,6,9,4,0,33,36,21,2,1,1,0,0,5,14,23,7,1,11,7,0,756
3,52,1,21,1,0,13,9,9,0,0,0,0,1,4,7,8,7,0,6,3,0,362
3,30,1,2,4,1,2,3,6,2,0,0,0,0,1,4,5,4,0,0,2,0,180
3,24,0,6,4,0,4,7,14,0,0,0,0,0,2,4,11,2,0,0,0,0,181
3,0,0,0,0,0,0,0,0,0,0,0,0,0,0,1,0,0,0,0,0,1,5
3,20,18,8,2,0,6,12,1,2,0,0,0,1,0,6,13,4,0,2,1,0,202
3,1,0,0,0,0,0,0,0,0,0,0,0,0,0,1,0,0,0,0,0,0,7
3,2,0,0,0,0,0,0,0,0,0,0,0,0,0,0,0,0,0,0,0,0,3
3,2,0,0,0,0,0,0,0,0,0,0,0,0,0,1,0,0,0,0,0,0,8
3,32,0,0,0,0,0,2,1,0,0,0,0,0,0,0,0,0,0,1,0,0,77
3,3,0,0,0,0,0,0,0,0,0,0,0,0,0,0,0,0,0,0,0,0,6
3,5,0,0,0,0,0,1,2,0,0,0,0,0,1,0,0,0,0,0,0,0,21
3,28,2,14,0,1,1,4,3,1,0,0,0,0,2,1,5,2,2,1,0,0,136
3,9,1,2,0,0,1,1,0,0,0,0,0,0,0,2,0,1,0,0,0,0,60
3,18,0,6,1,0,2,2,2,0,0,0,0,0,0,0,3,0,0,0,0,0,109
3,18,0,0,1,0,0,1,3,0,0,0,0,0,0,0,1,0,0,1,0,0,75
3,2,0,0,0,0,0,0,1,0,0,0,0,0,1,0,0,0,0,0,1,0,6
3,20,1,5,0,0,0,2,2,0,0,0,0,0,0,3,0,0,0,1,0,0,106
3,10,2,7,0,0,1,0,3,0,0,0,0,0,0,3,4,2,0,0,0,0,69
3,25,2,18,1,2,12,9,4,0,0,0,0,0,4,9,5,1,0,0,0,0,243
3,0,0,4,3,0,2,0,3,0,0,0,0,0,1,3,2,0,0,0,0,0,44
3,12,3,28,11,1,9,15,8,2,0,0,0,1,6,19,13,3,0,0,8,0,369
3,9,0,3,0,0,2,1,0,0,0,0,0,0,0,1,1,1,0,0,0,0,50
3,22,0,10,2,0,5,2,0,0,0,0,0,0,0,2,3,2,0,0,1,0,141
3,6,6,7,4,0,5,7,5,1,0,1,0,1,0,13,8,6,2,2,0,0,191
3,37,1,2,1,2,4,5,7,2,0,0,0,1,2,9,6,5,1,1,3,0,228
3,8,0,1,0,0,0,2,0,0,0,0,0,1,0,1,1,0,0,0,0,0,43
3,1,5,2,0,0,2,1,2,0,0,0,0,0,0,1,1,0,0,0,2,0,65
3,4,0,0,0,1,0,0,1,0,0,0,0,0,2,3,0,0,1,0,0,0,38
3,20,1,14,0,0,1,19,2,1,0,0,0,0,1,5,9,0,0,1,6,0,218
3,10,0,2,0,0,2,4,2,0,0,0,0,0,1,5,3,0,1,1,0,0,84
3,23,5,3,1,1,2,2,0,0,0,0,0,0,0,4,2,0,0,0,1,0,116
3,34,1,0,0,0,2,3,1,0,0,0,0,1,1,3,1,1,0,0,1,0,113
3,20,0,1,0,0,0,1,1,0,0,0,0,0,3,3,1,0,0,0,0,0,65
3,26,2,0,0,0,2,1,2,0,0,0,0,0,0,0,1,0,0,0,1,0,93
3,30,3,2,4,0,4,4,0,0,0,0,0,0,0,0,1,2,0,1,0,0,123
3,1,0,0,0,0,0,0,0,0,0,0,0,0,0,0,0,0,0,0,0,0,1
4,314,2,26,0,1,48,51,38,3,1,1,0,2,9,35,17,5,1,1,7,1,814
4,94,12,31,0,0,25,36,16,2,0,4,0,4,14,23,8,2,1,1,9,0,399
4,2,0,0,0,0,1,0,0,0,0,0,0,0,0,0,0,0,0,0,0,0,8
4,55,1,1,0,0,10,8,15,0,0,0,0,0,0,2,13,0,0,5,4,0,157
4,46,0,6,3,0,12,19,12,0,1,2,0,0,0,7,3,1,2,4,8,0,174
4,10,1,0,1,0,2,1,0,0,0,0,0,0,0,2,0,0,0,0,1,0,32
4,96,38,10,2,0,25,42,26,3,0,3,0,2,9,24,14,1,3,11,18,0,486
4,99,12,22,1,0,23,53,12,2,1,0,0,0,9,12,8,4,0,4,17,0,369
4,99,22,27,1,1,47,70,19,4,3,2,0,0,8,26,3,5,2,4,4,0,505
4,66,34,8,1,1,41,30,14,8,3,2,0,1,11,10,14,6,1,2,2,0,356
4,95,9,16,2,1,43,44,24,4,1,1,0,4,10,28,17,12,0,7,9,0,429
4,59,7,17,3,2,34,51,34,9,1,2,0,2,2,21,12,0,0,4,2,0,334
4,43,11,7,3,0,40,43,17,5,1,2,0,1,8,19,14,3,0,3,6,0,293
4,22,25,8,1,3,28,18,21,7,1,0,0,2,26,18,15,9,0,6,0,0,267
4,3,0,0,0,0,0,0,2,0,0,0,0,0,1,0,1,1,0,0,1,0,14
4,1,1,0,0,0,4,3,1,0,1,0,0,0,1,1,4,0,0,3,1,0,21
4,5,1,1,0,0,1,3,3,0,0,0,0,0,0,2,2,0,0,1,1,0,21
4,181,1,13,3,5,19,32,5,3,1,1,0,2,9,11,2,15,0,1,10,0,482
4,129,0,12,6,0,20,40,25,7,2,4,0,2,20,39,7,10,0,1,2,0,429
4,64,0,6,6,0,10,45,14,0,2,2,0,0,5,14,16,2,3,1,9,0,222
4,0,0,1,0,0,1,1,0,0,1,0,0,0,0,0,0,0,0,0,0,0,5
4,1,0,0,0,0,0,1,0,0,0,0,0,0,0,0,0,0,0,0,0,0,1
4,80,1,1,0,0,17,29,13,1,0,1,0,1,3,4,2,2,0,0,3,0,243
4,57,60,15,1,0,37,135,25,5,0,1,0,1,6,21,16,4,4,15,10,0,533
4,103,41,19,4,0,47,80,42,7,2,6,0,2,11,38,24,11,0,7,2,1,602
4,32,123,32,8,1,59,98,26,10,3,4,0,1,37,31,30,14,3,19,5,1,652
4,21,91,41,2,2,57,40,17,9,2,2,0,1,16,30,30,8,2,9,7,0,537
4,66,30,7,0,0,42,29,15,0,0,0,0,3,11,13,14,6,2,3,4,0,308
4,28,2,4,0,1,15,15,5,4,1,1,0,0,2,10,2,0,0,1,4,1,143
4,101,7,5,2,2,69,55,22,8,1,7,0,2,9,36,11,7,0,3,18,0,483
4,27,2,10,4,2,37,40,16,2,1,1,0,1,11,9,3,3,0,1,7,0,225
4,5,7,16,1,2,47,23,19,8,0,1,0,2,7,38,21,6,0,7,8,0,285
4,109,95,89,19,8,140,171,68,29,5,3,0,7,65,92,77,35,4,22,26,4,1406
4,27,3,19,3,0,25,42,11,5,3,2,0,3,4,8,7,4,0,4,6,0,227
4,21,1,10,0,0,18,13,4,3,1,0,0,1,5,3,5,1,1,6,5,0,129
4,3,3,8,0,1,8,24,4,2,3,0,0,0,4,14,10,3,0,1,1,1,117
4,40,37,42,9,2,75,75,28,22,5,2,1,7,38,70,47,14,6,11,9,0,728
4,28,48,65,14,9,100,136,58,20,3,8,0,4,59,105,94,22,4,15,14,0,1142
4,120,57,154,16,6,199,196,79,35,11,6,0,7,97,103,87,33,4,22,27,2,1642
4,40,15,76,4,2,52,65,18,5,0,2,0,6,18,25,23,8,2,7,9,2,1002
4,259,11,243,8,9,184,360,120,24,10,26,1,8,42,82,38,21,1,20,37,2,3874
4,221,15,203,13,7,116,229,93,13,7,19,1,7,24,55,32,13,2,19,50,3,2718
4,16,43,57,22,4,115,94,55,31,14,14,0,13,78,140,65,38,3,22,11,2,2050
4,64,52,84,10,5,124,106,38,29,6,3,4,7,90,80,40,17,5,15,24,3,2240
4,132,40,100,13,7,142,190,99,30,12,18,1,16,66,112,79,21,3,23,30,8,2893
4,96,36,96,10,6,108,180,104,30,6,25,1,15,45,118,73,29,14,29,22,7,2657
4,121,40,111,14,6,168,230,116,32,8,27,3,16,72,92,53,32,4,27,50,0,2963
4,34,5,21,2,1,64,53,30,1,3,1,0,0,11,27,7,4,4,3,12,0,811
4,31,8,38,5,1,90,99,32,9,2,14,0,2,17,28,14,4,1,11,22,0,1067
4,22,1,21,0,3,55,47,24,1,1,5,0,0,12,9,16,1,1,4,10,0,613
4,52,49,71,10,5,163,133,48,24,3,11,0,7,81,74,47,13,4,14,23,0,2015
4,40,35,43,16,7,140,95,23,25,5,5,0,10,66,72,61,20,5,11,12,2,1923
4,90,75,73,9,18,188,180,43,30,8,6,1,12,119,127,72,16,10,28,22,1,2973
4,100,21,81,5,4,151,175,84,21,7,17,0,15,66,78,54,11,8,36,48,1,2449
4,48,7,62,2,3,61,141,38,6,3,11,0,12,13,24,24,9,2,7,32,1,1305
4,94,9,89,2,3,140,231,42,11,2,10,0,12,28,35,21,13,4,17,36,1,1870
4,129,18,128,5,7,166,233,86,25,4,7,0,7,18,30,32,18,7,24,45,0,2612
4,188,18,222,8,5,234,362,100,27,10,32,0,22,43,53,37,13,3,30,76,7,3582
4,221,32,217,9,3,224,313,72,17,6,16,1,26,63,39,26,5,6,22,65,2,3395
4,149,36,165,16,6,258,334,113,44,20,20,5,56,65,76,47,31,17,23,71,4,3715
4,133,50,162,14,3,166,311,107,36,16,25,3,42,85,140,77,25,11,36,55,9,3788
4,40,42,87,12,4,113,128,55,31,15,8,0,33,86,87,88,28,6,27,27,4,2163
4,67,21,116,13,2,101,191,60,17,6,33,1,26,42,57,40,8,4,23,32,4,2044
4,30,10,69,5,1,68,93,36,10,1,9,0,5,11,17,14,9,3,12,14,1,1017
4,83,6,129,5,3,167,183,57,21,5,14,1,6,21,35,10,14,3,27,69,2,1979
4,15,1,22,2,0,40,26,21,1,0,3,0,4,7,10,4,2,3,6,18,1,416
4,5,2,6,2,1,10,36,6,1,1,3,2,5,4,10,5,0,0,6,7,5,279
4,3,4,10,0,0,16,24,9,2,2,5,0,2,2,12,4,6,0,5,4,4,285
4,63,26,54,5,2,82,138,45,26,6,19,1,12,16,40,19,12,4,19,32,7,1494
4,74,46,94,6,3,219,216,135,45,17,18,0,8,74,125,61,26,8,43,84,2,3238
4,117,51,119,11,5,373,377,205,54,24,28,2,22,85,89,55,40,14,58,127,4,4491
4,19,53,83,16,11,171,183,87,65,10,21,1,11,95,140,72,52,12,42,37,4,2854
4,14,30,62,9,0,176,156,66,51,9,16,1,6,61,87,42,19,8,34,25,2,2237
4,11,25,34,4,0,81,108,55,23,9,6,0,11,41,76,27,13,6,13,34,5,1325
4,29,29,44,6,3,62,127,77,24,10,24,2,18,22,41,24,16,10,24,19,6,1391
4,43,24,81,2,5,104,224,107,21,15,34,2,14,44,49,70,30,6,27,53,0,2222
4,85,144,192,21,16,475,573,290,92,31,70,4,43,172,265,232,92,21,90,148,11,7245
4,44,247,155,22,22,407,531,204,120,22,26,1,31,223,265,105,74,26,67,95,13,6601
4,25,157,115,13,13,280,403,149,116,34,21,2,15,133,233,89,68,17,59,75,6,5013
4,33,54,61,16,9,195,217,100,65,12,14,1,16,87,171,65,41,9,42,61,5,3099
4,30,87,74,10,13,267,299,112,57,10,17,0,13,113,113,56,28,9,29,86,7,3687
4,0,3,0,0,0,0,4,0,0,0,0,0,1,0,1,0,1,0,1,0,0,49
4,2,9,18,3,1,11,38,22,10,5,6,1,4,7,19,11,9,4,8,8,3,444
4,2,7,4,3,0,3,16,7,0,2,7,0,3,0,7,5,3,0,1,9,0,199
4,2,23,25,12,4,26,91,35,6,12,10,3,21,13,54,21,18,3,13,22,3,1013
4,5,13,11,2,0,38,59,15,8,5,16,2,20,6,24,21,20,4,9,5,8,638
4,0,9,0,0,5,16,26,5,1,0,3,0,0,13,5,0,2,1,5,0,2,255
4,3,12,6,2,1,17,58,9,5,6,6,1,8,7,27,14,10,4,8,5,2,482
4,20,113,133,19,15,181,494,171,129,75,77,3,47,90,235,96,88,25,75,68,13,5030
4,0,0,0,2,0,0,25,0,0,0,1,0,2,4,1,0,0,1,2,0,0,77
4,4,14,7,2,0,4,61,20,4,3,3,0,22,11,25,4,11,2,5,1,4,476
4,3,16,17,1,1,5,57,17,18,8,7,1,20,7,19,15,18,3,4,6,6,619
4,7,48,68,20,4,87,274,110,70,27,37,6,27,56,142,67,55,11,49,17,13,2725
4,30,127,151,34,20,226,711,266,172,88,101,3,65,135,364,171,126,44,119,95,31,6789
4,0,0,0,0,0,0,0,0,0,0,0,0,0,0,5,0,0,0,1,0,1,13
4,6,16,16,6,2,20,106,27,27,16,18,1,17,26,79,20,19,4,10,8,4,971
4,0,0,1,0,1,0,5,0,0,0,0,0,0,0,2,1,0,5,1,1,0,42
4,5,44,43,2,2,34,118,43,32,33,20,1,21,33,58,38,27,23,29,31,12,1493
4,8,48,47,11,5,59,204,58,74,22,20,3,23,54,99,45,61,20,41,25,5,2357
4,6,12,15,8,2,10,46,29,18,10,7,4,7,19,33,14,61,8,14,7,1,781
4,5,18,62,12,4,21,182,63,77,22,26,2,22,45,77,47,97,12,29,22,5,1886
4,1,3,6,3,0,9,42,7,4,4,3,0,2,6,33,4,10,0,2,2,0,251
4,1,0,14,2,2,9,50,9,13,5,1,0,5,5,18,3,2,2,5,13,0,354
4,6,39,67,4,6,58,186,59,55,20,24,4,20,33,72,29,33,16,34,26,6,1851
4,4,37,64,14,14,97,249,97,69,38,30,2,17,71,149,88,67,13,68,10,0,2845
4,1,10,22,7,1,26,63,28,14,9,5,1,9,23,47,15,14,7,25,6,0,760
4,9,74,97,10,7,118,343,93,122,40,39,10,27,120,170,97,66,19,74,18,0,3699
4,18,61,120,14,9,92,318,108,86,27,18,0,16,81,104,57,55,15,68,21,0,3093
4,21,67,170,9,11,186,452,164,77,16,20,0,9,110,124,51,47,23,65,25,0,3838
4,6,19,40,6,4,37,110,41,36,4,11,2,5,27,44,23,11,3,20,8,0,1100
4,40,56,116,10,12,138,335,100,50,25,29,1,22,61,126,46,33,18,70,16,0,3099
4,7,36,68,13,8,89,115,59,37,7,11,2,16,58,102,35,32,9,44,6,0,1984
4,3,18,50,12,7,35,88,65,27,14,7,1,8,33,55,31,17,11,25,3,0,1139
4,14,107,131,39,12,221,410,168,117,50,47,3,37,152,220,120,90,22,124,31,0,4934
4,3,0,3,0,1,7,21,5,2,4,2,0,3,5,5,4,4,0,2,1,0,134
4,0,18,20,6,3,17,51,24,17,5,5,1,6,19,40,13,20,1,20,5,0,704
4,1,1,2,1,0,8,29,5,5,6,4,0,8,6,9,16,20,3,1,0,0,265
4,5,30,38,6,2,47,81,50,30,15,16,0,16,43,108,41,26,10,34,5,0,1370
4,19,63,99,17,13,125,225,105,100,36,36,0,23,76,155,82,66,21,59,15,0,3119
4,0,26,33,4,3,45,67,40,34,8,10,1,6,23,54,23,25,5,27,3,0,945
4,5,14,29,9,2,49,72,34,25,26,10,0,7,20,111,50,30,6,16,6,0,1116
4,4,5,10,6,2,19,26,28,9,10,6,0,10,8,139,15,17,1,7,3,0,697
4,10,63,63,16,11,95,178,128,52,20,16,0,14,67,135,59,55,16,49,8,0,2426
4,13,79,81,22,17,95,188,100,71,56,43,1,23,61,195,83,57,11,49,10,0,2799
4,24,81,103,24,10,101,265,179,83,69,82,2,38,75,233,152,81,21,85,10,0,3786
4,4,44,66,9,5,49,134,80,46,31,36,4,31,50,119,49,52,16,39,8,0,2058
4,4,11,28,3,1,31,53,26,16,9,10,1,6,18,43,12,18,2,20,0,0,695
4,13,49,99,26,27,137,287,92,109,28,26,0,17,88,206,64,46,9,88,30,0,3428
4,17,73,151,29,26,156,384,145,103,29,26,2,17,119,196,97,56,19,95,18,0,4206
4,3,15,52,10,3,47,95,40,26,8,4,1,4,37,62,11,7,11,14,7,0,1267
4,10,7,20,0,0,23,43,13,7,2,2,0,1,5,6,4,6,2,1,7,0,381
4,27,13,31,1,0,21,57,22,21,4,3,0,3,12,17,6,2,6,15,2,0,630
4,3,14,80,5,2,42,147,55,32,17,15,1,6,27,31,28,21,5,22,9,0,1342
4,7,21,35,8,1,67,91,51,32,11,6,0,16,24,79,20,19,2,27,1,0,1207
4,8,16,55,5,1,3,31,13,6,2,2,0,4,14,13,10,13,1,13,7,0,517
4,31,22,138,6,0,23,68,32,24,7,16,0,5,11,31,10,17,3,18,1,0,999
4,6,19,61,4,1,33,74,22,18,6,3,1,5,27,34,14,10,4,14,8,0,843
4,12,46,158,21,4,101,212,92,66,12,18,0,8,70,89,48,35,9,41,16,0,2504
4,26,58,208,26,9,129,369,150,54,31,42,3,31,69,128,51,61,22,57,29,15,3585
4,16,26,82,9,2,38,125,61,40,16,31,4,20,26,42,31,25,6,27,18,3,1443
4,5,16,54,6,2,39,92,52,32,5,12,0,9,16,35,18,25,3,15,15,8,1261
4,11,10,32,2,0,27,54,19,24,2,2,0,3,14,16,7,4,2,8,4,2,621
4,1,3,5,0,0,5,7,4,2,4,2,0,6,1,6,4,0,0,2,0,2,154
4,7,44,93,15,2,124,157,56,44,12,7,0,9,48,104,43,27,3,33,8,1,1793
4,52,34,47,10,2,61,78,26,16,6,5,0,3,14,56,30,10,2,20,8,1,1229
4,36,28,170,16,20,158,351,132,44,12,33,5,11,57,70,20,25,5,54,77,1,3255
4,15,5,27,3,3,50,47,20,4,0,0,0,0,2,3,2,2,0,6,8,0,456
4,3,10,10,3,0,6,19,11,6,4,15,0,2,1,13,5,3,0,3,3,0,253
4,14,8,67,4,1,28,72,31,7,1,4,0,3,26,10,15,6,0,27,15,0,745
4,8,9,70,13,4,43,86,36,18,2,5,0,8,21,22,24,7,2,13,9,1,923
4,12,8,84,5,0,26,60,39,15,2,2,3,1,16,16,7,4,2,19,13,1,759
4,106,179,454,76,17,426,727,412,131,60,116,1,39,111,375,151,98,32,160,88,38,9071
4,198,348,816,77,31,760,1127,579,176,74,86,3,54,235,383,221,99,24,195,181,9,14058
4,43,26,66,8,2,71,107,63,20,3,2,0,4,27,35,32,14,0,14,23,1,1370
4,33,26,28,3,2,18,58,37,14,2,2,0,6,8,13,14,1,1,14,9,0,735
4,23,6,28,0,0,23,40,17,4,3,1,0,3,5,11,4,2,2,7,3,1,424
4,125,66,103,22,2,96,148,85,35,6,4,0,5,31,39,18,11,2,28,31,4,2257
4,120,8,14,4,1,17,31,8,6,2,0,0,0,1,8,9,1,0,5,3,0,565
4,8,10,17,0,0,15,27,19,5,0,0,0,0,3,1,1,1,1,0,11,0,337
4,14,12,9,1,1,17,22,13,3,1,2,0,1,9,11,2,4,0,3,4,0,332
4,10,6,16,4,0,8,17,8,5,1,2,0,0,0,9,6,3,0,5,0,1,244
4,2,10,4,4,0,14,12,19,3,0,0,0,0,6,7,7,2,0,0,1,0,275
4,51,35,114,15,5,84,157,66,18,2,2,0,1,21,17,12,4,2,17,5,2,1697
4,33,18,42,6,1,31,47,44,11,0,0,0,0,3,3,4,1,0,4,9,0,651
4,6,14,15,4,1,13,23,15,7,1,1,0,1,4,11,9,0,1,5,3,0,330
4,1,1,5,0,0,0,4,0,0,0,0,0,0,0,0,0,0,0,0,0,0,41
4,26,14,34,1,0,11,32,22,8,1,2,0,1,12,8,9,6,1,5,2,1,459
4,15,3,19,0,1,10,24,4,4,0,0,0,1,4,4,5,1,1,4,2,0,244
4,214,88,142,30,3,177,286,257,71,8,3,0,4,52,70,75,24,6,41,28,0,4114
4,333,100,157,10,9,105,202,246,58,10,4,0,9,63,171,65,15,5,29,19,1,4433
4,0,1,0,0,0,0,0,0,0,0,0,0,0,0,0,0,0,0,0,0,0,10
4,1,0,0,0,0,0,0,0,0,0,0,0,0,0,0,1,1,0,0,0,0,6
4,1,0,0,0,0,0,0,0,0,0,0,0,0,0,0,0,0,0,0,0,0,7
4,22,2,1,0,0,1,0,0,0,0,0,0,0,0,0,2,0,0,0,0,0,56
4,2,0,0,0,0,0,0,0,0,0,0,0,0,0,0,0,0,0,0,0,0,5
4,11,0,0,0,0,0,1,0,0,0,0,0,0,0,0,1,0,0,0,0,0,28
4,4,1,3,0,0,0,1,0,0,0,0,0,0,0,0,0,0,0,0,0,0,14
4,13,0,1,0,0,0,1,0,0,0,0,0,0,0,0,0,0,0,0,0,0,44
4,31,1,0,0,0,1,1,0,0,0,0,0,0,2,0,1,1,0,0,0,0,92
4,13,2,0,0,0,0,0,0,0,0,0,0,0,0,0,3,0,0,0,0,0,37
4,9,0,0,0,0,0,0,0,0,0,0,0,0,0,0,0,0,0,0,0,0,25
4,3,0,0,0,0,0,0,0,0,0,0,0,0,0,0,0,0,0,0,0,0,14
4,25,10,5,0,0,2,1,1,0,0,0,0,1,2,0,2,1,0,1,0,0,235
4,52,39,4,0,0,6,8,2,0,3,0,0,0,1,2,2,1,0,6,0,0,306
4,12,1,4,0,0,2,1,0,0,0,0,0,0,1,0,1,0,0,0,2,0,58
4,6,0,3,0,0,0,1,0,0,0,0,0,0,0,0,0,0,0,0,0,0,24
4,19,12,3,0,0,5,12,3,0,1,0,0,0,3,1,4,1,0,3,1,0,168
4,12,20,2,1,0,2,5,1,1,0,0,0,0,1,0,3,0,0,0,3,0,136
4,72,12,18,1,0,11,30,11,3,2,1,0,0,12,14,23,8,3,9,3,0,710
4,95,38,37,2,0,25,48,11,10,2,0,0,1,2,7,11,2,12,13,4,0,780
4,363,188,120,6,1,160,269,150,44,7,1,3,9,41,60,81,31,46,41,33,0,4491
4,107,13,1,0,0,4,4,0,0,0,0,0,0,1,0,7,2,0,1,0,0,436
4,122,140,23,0,0,14,23,12,0,0,0,0,1,1,6,22,6,2,3,3,0,1105
4,15,0,0,0,0,2,0,0,0,0,0,0,0,0,0,0,0,0,0,4,0,38
4,29,0,0,0,0,0,3,0,0,0,0,0,0,0,1,0,0,0,0,0,0,55
4,22,1,0,0,0,1,0,0,0,0,0,0,0,0,2,2,0,0,0,0,0,63
4,1,0,0,0,0,0,0,0,0,0,0,0,0,0,0,0,0,0,0,0,0,2
4,9,0,0,0,0,0,2,0,0,0,0,0,0,0,0,1,0,0,0,0,0,30
5,1,0,1,0,0,0,0,0,0,0,0,0,0,0,0,0,0,0,1,0,0,3
5,4,0,0,0,0,0,0,0,0,0,0,0,0,0,0,0,0,0,0,0,0,3
5,16,2,21,0,1,26,6,10,8,2,0,0,3,0,13,15,14,0,6,0,0,202
5,152,7,52,0,2,31,15,10,5,1,5,0,0,3,16,18,8,0,3,7,0,519
5,39,0,33,0,0,4,13,4,1,4,0,0,1,1,9,6,0,0,2,1,1,170
5,71,0,22,0,0,9,21,7,3,1,2,0,1,2,8,12,1,0,4,6,0,230
5,49,3,44,1,0,7,22,6,3,0,1,0,1,0,3,5,1,1,1,2,0,225
5,3,0,21,0,0,0,0,0,0,0,2,0,0,0,1,0,0,0,0,0,0,31
5,142,1,54,0,2,33,41,26,2,1,4,0,0,3,12,10,2,1,5,8,0,542
5,311,31,119,4,4,99,171,51,23,4,9,0,4,17,42,42,11,2,18,25,0,1463
5,285,2,63,3,3,45,69,20,14,2,5,0,4,5,17,19,1,0,7,11,0,849
5,304,8,96,4,1,57,103,39,4,3,0,0,2,7,19,22,8,0,9,19,0,1034
5,122,1,32,1,0,31,25,14,1,3,0,0,1,1,4,4,2,1,2,1,0,419
5,84,1,22,1,0,7,16,4,2,1,0,0,1,1,8,4,1,0,2,2,0,261
5,46,10,17,0,3,16,32,8,3,0,3,0,1,5,13,16,0,0,4,1,0,272
5,46,11,20,0,0,32,23,6,18,0,0,0,0,2,16,8,12,0,5,1,0,296
5,2,0,0,0,0,0,3,2,0,0,1,0,0,0,0,0,1,0,0,0,0,9
5,25,1,9,1,0,20,16,16,1,0,2,0,0,4,11,5,0,0,2,6,0,183
5,38,10,7,3,0,12,10,14,0,1,1,0,0,1,7,17,3,1,3,2,0,196
5,44,9,10,0,0,8,14,4,0,0,1,0,2,1,10,13,5,1,3,4,1,211
5,10,0,1,0,0,1,0,0,0,0,0,0,0,0,0,0,0,0,0,0,0,19
5,23,2,5,0,0,14,4,3,0,0,0,0,0,2,7,5,0,0,0,5,0,133
5,176,3,18,5,3,35,61,13,2,4,1,0,3,4,16,13,1,1,5,13,0,556
5,38,1,6,2,0,6,12,4,1,0,0,0,1,1,5,1,1,0,0,3,0,124
5,499,8,89,6,3,118,113,35,6,2,5,0,3,6,36,30,6,2,8,21,0,1568
5,110,0,26,0,0,22,25,15,1,1,1,0,0,3,10,7,1,0,12,2,0,377
5,106,2,31,0,2,34,38,19,0,1,5,0,0,0,14,10,2,0,10,3,0,401
5,41,3,5,0,0,15,20,2,1,0,0,0,1,2,5,3,0,0,7,2,0,181
5,1,0,0,0,0,1,0,0,0,0,0,0,0,0,0,0,0,0,0,0,0,2
5,2,1,1,2,0,1,1,1,0,0,0,0,0,1,2,0,1,0,1,0,0,17
5,3,1,0,0,0,3,1,1,1,0,0,0,0,0,12,6,4,0,0,0,0,38
5,7,13,4,6,0,7,8,9,2,0,1,0,0,7,25,12,7,0,0,0,0,149
5,33,16,10,6,1,45,17,12,11,1,2,0,3,10,56,26,5,1,12,5,0,540
5,15,1,6,1,1,7,4,6,0,0,1,0,0,1,13,8,1,0,0,3,0,116
5,26,11,6,4,0,29,14,9,1,0,1,0,0,2,32,24,8,0,2,14,0,345
5,44,1,3,1,0,26,11,9,2,0,0,0,0,0,0,6,1,0,2,5,0,155
5,278,5,36,3,1,165,104,57,8,4,3,1,4,7,28,32,14,3,12,11,1,1199
5,7,7,4,1,1,17,3,4,1,1,0,0,0,0,15,5,1,0,2,0,0,108
5,27,17,5,8,1,25,24,8,1,0,0,0,0,2,12,13,1,2,3,6,0,296
5,8,0,0,1,0,4,2,4,0,0,0,0,0,1,5,2,2,0,0,0,0,55
5,28,43,6,7,0,56,16,15,4,1,3,0,1,7,40,35,9,0,0,1,0,433
5,16,21,6,1,2,48,15,5,1,0,1,0,0,3,23,13,7,1,4,3,0,400
5,21,6,2,0,2,13,7,12,2,1,0,0,0,0,9,6,1,0,3,2,0,149
5,9,7,4,0,1,6,7,6,1,1,1,0,1,2,11,9,0,0,2,3,0,146
5,21,2,0,0,0,3,3,6,0,0,1,0,0,0,5,2,0,0,1,0,0,74
5,4,0,0,0,0,1,2,1,2,0,1,0,0,0,8,1,1,0,1,0,0,31
5,18,8,3,0,1,9,13,4,0,0,0,0,1,1,9,4,4,0,0,1,0,195
5,13,0,1,0,0,1,3,0,0,0,0,0,0,0,2,4,0,1,0,1,0,38
5,20,16,2,0,1,11,11,3,3,0,0,0,0,0,4,3,1,0,5,3,0,135
5,6,0,0,0,0,1,2,0,0,0,0,0,0,1,1,2,0,0,1,0,0,21
5,7,0,1,0,0,3,3,3,0,0,0,0,0,0,1,0,0,0,1,0,0,30
5,6,0,0,0,0,0,0,0,0,0,0,0,0,0,1,0,0,0,0,0,0,14
5,14,12,3,2,1,15,8,5,2,0,0,0,1,4,11,11,5,0,4,0,0,224
5,4,5,2,0,0,1,1,1,0,1,0,0,0,0,1,2,4,0,0,0,0,50
5,0,7,1,0,0,2,3,0,0,0,0,0,0,1,0,3,0,0,0,0,0,105
5,1,2,2,0,0,4,1,0,0,0,0,0,0,0,1,1,2,0,0,0,0,102
5,3,9,6,0,0,4,4,12,1,0,1,0,0,1,4,10,4,0,0,0,0,245
5,15,1,2,0,0,2,2,0,0,0,0,0,0,0,6,1,1,0,0,0,0,45
5,18,0,3,1,0,2,2,1,0,1,1,0,0,0,6,3,1,0,2,2,0,66
5,2,0,0,0,0,0,1,0,0,0,0,0,0,0,0,0,0,0,0,0,0,5
5,32,3,3,2,1,2,12,9,1,0,0,0,2,3,17,6,1,0,1,3,0,142
5,30,6,11,3,1,2,17,13,1,0,1,0,1,1,6,9,4,0,2,3,0,159
5,23,24,5,2,0,19,21,15,2,0,0,0,0,2,27,12,7,1,8,3,0,428
5,32,32,9,1,1,49,17,17,1,1,0,0,1,14,44,12,6,1,6,7,0,377
5,18,31,4,3,1,22,21,22,0,1,1,0,2,8,31,33,6,1,5,2,0,319
5,25,2,3,3,0,3,5,6,1,1,0,0,0,1,6,2,0,0,0,3,0,125
5,7,5,4,1,0,10,9,5,1,0,0,0,0,3,5,2,0,1,1,2,0,88
5,3,0,0,0,0,0,0,0,0,0,0,0,0,0,0,0,0,0,0,0,0,4
5,21,2,4,0,0,6,8,13,1,0,0,0,1,1,2,1,2,0,0,3,0,98
5,35,30,0,0,0,13,12,3,3,0,1,0,1,3,6,10,6,0,2,2,0,194
5,9,2,12,0,0,1,7,0,0,0,0,0,0,0,13,3,0,0,0,0,0,69
5,56,71,9,1,1,37,24,9,1,1,3,0,1,10,26,21,9,0,3,10,0,472
5,18,3,9,1,0,14,6,3,0,0,2,0,4,2,2,5,2,0,0,0,0,101
5,58,2,11,1,0,20,25,16,3,0,0,0,3,7,7,2,0,4,2,5,0,245
5,100,3,10,1,0,15,14,16,0,1,1,0,0,3,2,6,2,1,2,6,0,276
5,88,2,15,0,0,27,23,20,3,1,2,0,5,1,6,8,3,0,2,5,0,299
5,70,19,12,5,0,21,15,20,8,3,3,0,2,6,5,20,9,0,1,7,0,389
5,45,6,5,1,0,26,17,15,0,1,0,0,1,3,3,6,0,1,4,2,0,192
5,3,0,0,0,0,1,3,0,0,0,0,0,0,0,0,1,0,0,0,0,0,25
5,4,2,8,1,0,8,5,1,2,0,0,0,0,2,0,2,3,0,0,1,0,138
5,0,0,0,3,0,0,0,0,0,0,1,0,0,0,1,0,0,0,0,0,0,12
5,6,0,1,0,0,0,0,0,0,0,0,0,0,2,6,3,0,0,0,2,0,79
5,2,0,0,0,0,0,0,0,0,0,0,0,0,0,0,0,0,0,0,0,0,10
5,17,0,0,0,0,1,0,0,0,1,0,0,0,0,4,1,1,0,0,0,0,74
5,52,1,1,0,0,2,13,12,0,0,0,0,1,2,5,4,3,0,1,0,0,255
5,1,0,0,0,0,0,0,0,0,0,0,0,0,0,1,0,0,0,0,0,0,10
5,26,2,2,0,0,2,1,1,0,0,0,0,0,0,0,3,1,0,0,1,0,71
5,8,7,0,0,0,1,0,1,0,0,0,0,0,2,0,1,0,0,1,2,0,64
5,12,0,2,0,0,1,1,1,0,0,0,0,0,0,1,0,1,0,0,0,0,41
5,11,1,4,0,0,3,3,0,0,0,0,0,0,2,0,0,0,0,0,0,0,64
5,19,3,0,0,0,5,3,3,0,0,0,0,0,0,2,2,1,1,0,0,0,208
5,3,0,0,0,0,0,0,0,0,0,0,0,0,0,0,0,0,0,0,0,0,3
5,0,0,0,0,0,0,0,0,0,0,0,0,0,0,0,0,0,0,0,0,0,7
5,4,1,0,0,0,0,0,0,1,0,0,0,0,0,3,0,2,0,0,0,0,44
5,0,0,1,0,0,2,0,0,0,0,0,0,0,0,1,0,0,0,0,0,0,16
5,4,0,0,0,0,0,0,2,0,0,0,0,0,0,2,1,0,0,1,1,0,22
5,4,3,0,0,0,2,0,0,0,0,0,0,0,0,1,0,0,0,0,0,0,33
5,27,14,9,1,1,40,25,9,1,1,1,0,2,6,47,16,4,0,1,5,0,642
5,0,0,0,0,0,1,1,1,0,0,0,0,0,0,0,0,0,0,0,0,0,8
5,1,0,0,0,0,0,0,0,0,0,0,0,0,0,0,0,0,0,0,0,0,4
5,0,0,0,0,0,0,0,0,0,0,0,0,0,0,0,1,1,0,0,0,0,9
5,1,0,2,0,0,2,5,1,0,2,0,0,0,0,2,0,0,0,0,0,0,51
5,18,26,9,0,0,44,27,22,3,4,2,0,0,15,29,37,11,0,3,6,0,676
5,10,14,7,0,0,16,13,5,4,1,1,0,3,4,9,16,7,0,1,1,0,284
5,47,31,5,3,1,18,15,12,3,1,1,0,1,6,23,5,11,0,2,3,0,568
5,0,0,0,0,0,0,0,0,0,0,0,0,0,2,0,0,0,0,0,0,0,8
5,0,5,0,0,0,0,1,1,0,0,0,0,0,3,0,4,3,0,0,0,0,39
5,7,5,0,0,0,3,0,2,0,0,0,0,0,2,2,0,0,0,0,0,0,51
5,8,6,2,0,1,2,4,1,3,0,0,0,0,1,0,0,1,0,0,0,0,70
5,1,0,0,0,0,1,0,0,0,0,0,0,0,1,0,1,0,0,0,0,0,16
5,10,1,0,0,0,1,2,0,0,0,0,0,0,1,0,2,0,0,0,0,0,33
5,33,7,1,0,0,2,6,2,1,0,1,0,0,2,2,0,0,0,0,0,0,150
5,3,0,0,0,0,0,1,2,0,0,0,0,0,0,1,0,0,0,0,1,0,19
5,20,10,5,0,0,2,1,5,1,0,0,0,0,6,2,4,2,0,1,0,0,194
5,3,2,0,0,0,0,0,2,3,0,0,0,0,1,0,1,0,0,0,0,0,53
5,42,29,3,1,0,7,9,3,1,2,0,0,0,2,1,8,0,0,0,1,0,302
5,6,1,2,0,0,3,4,5,0,0,1,0,0,0,0,1,0,0,0,1,0,96
5,13,0,2,0,0,3,4,1,0,0,0,0,0,0,0,0,1,0,0,0,0,65
5,1,0,4,0,0,1,1,2,0,0,1,0,0,0,0,1,0,0,0,2,0,37
5,20,2,4,1,0,1,3,2,0,0,0,0,0,1,1,2,2,0,3,0,0,126
5,7,0,3,0,0,5,1,4,0,0,0,0,0,0,0,0,0,0,0,1,0,76
5,5,0,16,0,0,0,7,2,0,0,0,0,1,0,0,0,0,0,0,0,0,137
5,8,0,3,0,0,6,6,2,0,0,0,0,0,3,1,0,0,0,0,4,0,93
5,2,0,1,0,0,0,0,0,0,0,0,0,0,0,0,0,0,0,0,0,0,4
5,5,0,0,0,0,1,1,5,0,1,1,0,1,1,2,2,2,0,0,0,0,66
5,10,5,1,0,0,6,1,3,0,0,1,0,0,1,0,2,0,0,1,1,0,83
5,9,0,4,0,0,0,1,2,0,0,0,0,0,1,0,1,2,0,0,0,0,47
5,10,0,2,0,0,1,2,2,0,0,1,0,0,1,0,1,0,0,0,0,0,55
5,2,0,1,0,0,1,3,2,0,0,0,0,0,0,0,1,3,0,0,0,0,34
5,1,0,0,0,0,2,2,1,0,0,0,0,0,0,1,0,0,0,1,0,0,41
5,2,0,0,0,0,3,3,1,0,0,0,0,0,0,0,1,0,0,0,0,0,29
5,2,0,0,0,0,0,0,0,0,0,0,0,0,0,0,0,0,0,0,0,0,4
5,3,0,0,0,0,1,0,1,0,0,0,0,0,0,0,0,0,0,0,2,0,23
5,10,0,0,0,0,0,3,7,0,0,1,0,0,0,0,1,0,0,0,2,0,75
5,9,0,3,0,0,10,12,8,0,0,0,0,0,0,0,1,1,0,0,0,0,116
5,10,0,1,0,0,4,9,2,0,0,0,0,0,1,0,1,0,0,0,1,0,59
5,19,3,23,0,0,7,13,4,0,0,2,0,0,4,2,7,0,0,0,1,0,253
5,2,4,1,0,0,3,9,4,0,0,1,0,0,0,1,0,0,0,2,0,0,90
5,0,0,0,0,0,0,0,0,0,0,0,0,0,0,0,0,0,0,0,0,0,2
5,0,0,0,0,0,0,0,0,0,0,0,0,0,0,0,0,0,0,0,0,0,1
5,3,0,0,0,0,0,1,1,0,0,1,0,0,0,0,0,1,0,0,0,0,16
5,4,0,1,0,0,3,1,1,0,0,0,0,0,0,0,0,0,0,0,1,0,34
5,3,0,1,1,0,0,4,1,0,0,0,0,0,1,0,0,0,0,0,0,0,21
5,3,0,0,0,0,0,0,1,0,0,0,0,0,0,0,2,0,0,0,1,0,18
5,3,0,4,0,0,0,1,0,0,0,0,0,0,0,1,0,1,0,0,1,0,32
5,1,0,0,0,0,2,0,0,0,0,0,0,0,0,0,1,0,0,0,0,0,15
5,6,0,7,0,0,2,12,6,1,0,0,0,0,0,1,1,1,0,0,1,0,87
5,10,0,2,0,0,0,4,3,0,0,0,0,0,0,0,0,2,0,0,1,0,51
5,14,0,4,0,0,0,1,2,0,0,0,0,0,0,0,0,1,0,0,1,0,76
5,10,0,2,0,0,0,1,1,0,0,0,0,0,0,0,0,0,0,0,0,0,51
5,16,0,3,0,0,0,4,5,0,0,0,0,0,0,0,0,0,0,0,0,0,77
5,3,0,2,0,0,1,0,0,0,0,0,0,0,0,0,1,0,0,0,0,0,32
5,2,0,0,0,0,0,0,0,0,0,0,0,0,0,0,0,0,0,0,0,0,5
5,59,0,0,0,0,4,9,2,0,0,0,0,0,0,1,1,0,0,1,1,0,222
5,2,0,3,0,0,0,0,1,0,0,0,0,0,0,0,0,0,0,0,1,0,16
5,43,0,0,0,0,4,1,3,0,0,0,0,0,1,0,0,0,0,0,0,0,143
5,80,0,0,0,0,1,4,2,0,0,0,0,0,0,1,4,2,0,1,0,0,263
5,37,0,0,0,0,0,1,0,0,0,0,0,0,1,0,0,0,0,0,0,0,92
5,4,0,0,0,0,0,0,0,0,0,0,0,0,0,0,0,0,0,0,0,0,7
5,7,6,2,0,0,0,0,0,0,0,0,0,0,0,2,0,0,0,0,0,0,43
5,183,14,4,0,0,4,3,7,1,0,0,0,0,0,4,11,3,0,0,5,0,723
5,26,1,0,0,0,0,3,1,0,0,0,0,0,0,0,2,0,0,0,14,0,110
5,4,0,0,0,0,0,0,0,0,0,0,0,0,0,0,0,0,0,0,0,0,5
5,9,0,0,0,0,0,0,0,0,0,0,0,0,0,0,0,0,0,0,0,0,18
5,9,0,0,0,0,0,0,0,0,0,0,0,0,0,0,0,0,0,0,0,0,29
5,23,0,0,0,0,1,1,1,0,0,0,0,0,0,0,0,0,0,0,0,0,82
5,47,0,0,0,0,1,1,0,0,0,0,0,0,0,2,1,0,0,0,0,0,130
5,50,0,2,0,0,2,3,0,0,0,0,0,0,0,1,4,3,0,0,1,0,153
5,24,0,0,2,0,1,1,0,0,0,0,0,0,0,1,1,0,0,0,0,0,67
5,36,0,3,0,0,1,0,0,0,1,0,0,0,0,1,0,0,0,0,0,0,116
5,6,0,0,0,0,0,0,0,0,0,0,0,0,0,0,0,0,0,0,0,0,11
5,2,0,0,0,0,0,0,0,0,0,0,0,0,0,1,1,0,0,0,0,0,11
5,46,0,5,1,0,3,1,0,0,0,0,0,0,0,1,2,1,0,0,0,0,154
6,99,1,4,0,0,2,1,2,0,0,0,0,0,0,3,12,1,0,0,0,0,390
6,190,4,16,2,1,9,23,14,2,1,1,0,1,10,16,18,3,0,2,0,0,981
6,30,0,0,0,0,1,1,0,0,0,0,0,0,0,0,0,0,0,0,0,0,39
6,3,0,0,0,0,2,0,0,0,0,0,0,0,0,0,1,0,0,0,0,0,9
6,21,0,0,0,0,0,0,1,0,0,0,0,0,0,0,0,0,0,0,0,0,73
6,21,0,0,0,0,0,1,0,0,0,0,0,0,1,0,0,0,0,0,1,0,91
6,683,3,280,10,2,75,172,100,4,1,6,0,3,16,19,34,9,2,34,46,0,4459
6,191,2,163,6,0,34,101,61,18,1,7,0,1,41,10,51,8,0,30,16,0,2096
6,206,5,149,4,0,51,203,48,24,2,12,0,3,25,21,48,17,1,29,6,1,2275
6,232,6,143,7,2,96,330,101,56,5,24,0,8,24,54,52,24,1,43,42,0,3307
6,174,8,47,6,1,68,84,37,17,0,4,0,0,32,22,19,11,1,15,14,1,1664
6,69,3,28,0,0,12,43,19,9,0,3,0,0,5,5,8,4,0,6,2,0,592
6,33,1,20,0,0,9,19,12,0,0,0,0,0,2,0,2,4,0,2,2,0,308
6,39,0,8,0,0,8,15,7,0,0,1,0,0,2,6,6,1,0,2,5,0,265
6,63,0,24,1,0,10,16,12,1,0,0,0,0,4,3,13,0,0,6,0,0,482
6,156,0,41,0,0,24,33,18,3,1,1,0,0,6,5,10,2,0,5,17,0,935
6,100,0,22,0,1,22,31,18,2,0,6,0,1,3,5,12,0,0,1,4,0,751
6,76,0,11,1,0,42,35,23,1,1,2,0,0,2,5,11,1,0,5,7,0,618
6,120,0,33,0,3,32,34,17,2,0,1,0,0,1,2,8,2,0,10,1,0,731
6,134,0,20,1,0,32,27,5,2,0,0,0,1,3,1,21,1,0,5,2,0,703
6,77,0,31,1,1,18,22,5,0,0,0,0,0,5,2,7,1,0,4,2,0,529
6,21,0,9,0,0,10,8,5,0,0,1,0,0,1,1,2,3,0,1,0,0,179
6,157,2,17,2,1,22,42,9,2,0,1,0,0,2,9,12,0,0,2,6,0,851
6,187,0,30,5,3,46,70,14,9,2,3,0,2,3,17,17,7,0,16,11,0,1269
6,23,1,7,1,0,2,12,6,1,0,1,0,0,3,1,7,1,0,1,0,0,201
6,15,0,30,0,0,5,9,0,0,0,0,0,0,3,0,5,0,0,6,6,0,247
6,22,0,3,0,0,4,5,3,0,0,2,0,0,0,3,0,2,0,1,0,0,149
6,57,0,8,0,1,22,26,7,0,0,0,0,0,3,0,4,0,0,5,4,0,388
6,55,0,20,0,0,19,14,15,0,0,0,0,0,2,2,9,0,0,9,0,0,429
6,47,0,15,0,0,1,23,1,0,0,0,0,0,0,6,4,0,0,17,2,0,384
6,77,0,11,1,0,6,23,10,0,1,1,0,4,2,2,6,0,0,1,3,0,460
6,48,0,2,0,1,3,8,2,0,0,0,0,0,1,0,1,0,0,3,0,0,229
6,63,0,2,0,0,9,15,7,1,0,0,0,1,2,3,2,0,0,2,0,0,304
6,62,0,7,0,0,14,9,1,0,1,0,0,1,2,3,6,0,0,0,0,0,356
6,50,1,5,0,0,4,10,7,0,0,0,0,1,2,2,2,0,0,2,3,0,268
6,43,3,9,2,2,12,18,12,9,1,0,0,1,7,13,10,6,1,5,1,0,500
6,56,0,7,0,0,15,12,9,0,2,0,0,0,3,10,6,1,0,2,4,0,370
6,51,1,12,1,0,11,28,13,5,1,0,0,0,3,11,11,4,0,3,0,0,451
6,72,2,8,3,0,7,21,20,2,1,1,1,0,9,7,14,5,0,1,1,0,589
6,10,0,3,0,0,3,1,5,0,0,0,0,0,0,0,4,0,0,0,0,0,76
6,74,0,5,0,0,4,9,7,2,0,0,0,0,0,0,5,0,0,3,0,0,284
6,48,0,7,0,0,6,10,23,1,1,1,0,0,1,4,3,0,0,1,1,0,361
6,69,0,9,0,3,11,18,20,2,0,0,0,0,2,8,3,1,0,2,2,0,393
6,27,0,1,0,0,5,5,7,0,0,0,0,0,0,1,5,0,0,0,0,0,155
6,2,0,2,1,0,0,2,2,0,1,0,0,0,1,1,0,0,0,0,0,0,46
6,61,0,4,0,0,15,4,1,0,0,0,0,0,6,4,4,4,0,0,1,0,374
6,24,1,5,1,0,0,7,8,0,0,0,0,0,0,2,3,1,0,0,0,0,124
6,0,0,0,0,0,0,0,2,0,0,0,0,0,0,0,0,0,0,0,0,0,10
6,16,0,0,0,0,6,2,4,1,0,0,0,1,1,0,1,1,1,0,0,0,80
6,20,3,4,0,1,6,5,2,1,0,0,0,0,1,4,2,1,0,2,0,0,129
6,21,6,10,3,1,10,9,6,0,0,0,0,0,5,14,9,4,0,5,0,0,237
6,53,2,25,0,0,17,11,9,0,0,0,0,0,6,10,6,1,0,2,0,0,409
6,71,6,11,1,2,15,11,10,0,0,2,0,0,2,4,4,5,0,6,0,0,420
6,32,0,12,0,0,0,3,4,0,1,1,0,0,2,3,2,0,0,0,0,0,204
6,22,1,16,0,0,5,4,6,0,0,0,0,0,5,2,7,1,0,1,0,0,234
6,19,0,9,0,0,5,3,3,2,1,1,0,0,0,3,6,0,0,0,1,0,139
6,15,0,2,2,0,4,2,1,1,0,1,0,0,2,1,2,1,0,0,0,0,77
6,64,0,5,1,0,5,3,8,1,0,0,0,0,4,3,2,3,0,0,3,0,316
6,31,2,6,1,0,19,4,14,0,1,1,0,1,1,10,5,2,0,1,0,0,263
6,33,0,1,0,0,10,4,12,0,0,0,0,1,2,7,6,1,0,1,2,0,212
6,29,0,3,0,0,4,8,4,0,0,0,0,0,3,1,0,0,0,1,1,0,177
6,64,1,9,1,0,9,7,5,0,0,0,0,0,2,2,7,0,0,1,2,0,276
6,123,1,15,1,0,27,28,11,1,0,0,0,0,7,6,10,4,0,2,5,0,767
6,56,4,4,6,0,16,12,17,2,5,0,0,0,3,9,21,1,3,1,4,0,471
6,44,4,7,2,1,5,12,5,0,0,0,0,1,7,15,8,5,0,3,0,0,380
6,37,0,4,0,0,25,7,5,0,0,1,0,0,2,1,5,0,0,0,4,0,239
6,52,1,12,6,0,11,13,14,4,1,0,0,0,7,11,16,3,0,0,6,0,375
6,21,0,2,0,1,5,2,1,0,0,2,0,0,1,1,3,0,0,0,0,0,136
6,8,0,1,3,0,2,9,0,0,0,0,0,0,1,3,2,0,0,0,0,0,94
6,15,1,1,0,0,3,2,5,0,0,1,0,0,3,2,1,2,0,0,0,0,98
6,209,6,29,6,6,45,54,34,5,0,4,0,2,36,27,31,13,3,6,4,0,1501
6,74,2,11,1,0,11,15,11,3,2,1,0,0,5,17,27,9,1,5,1,0,623
6,93,11,12,1,5,19,17,10,5,3,0,0,1,7,19,30,10,1,5,0,0,711
6,109,9,17,2,1,11,23,9,11,1,1,0,1,18,17,25,8,2,2,2,0,749
6,75,3,10,2,1,17,15,9,5,1,1,0,0,7,20,14,3,0,10,3,0,555
6,102,1,23,1,1,71,39,24,4,0,1,0,2,8,13,9,5,0,8,4,0,960
6,27,1,10,0,0,9,17,6,0,0,1,0,0,11,7,11,2,0,2,0,0,278
6,153,0,30,2,0,29,40,17,3,0,0,0,2,10,8,10,2,0,1,5,0,871
6,104,0,32,1,2,24,27,13,0,1,1,0,2,9,15,8,0,0,4,2,0,767
6,98,0,15,0,0,11,23,13,3,0,0,0,0,2,4,11,1,0,4,1,0,520
6,100,1,41,0,0,37,52,21,1,0,2,0,1,4,8,7,2,0,5,5,0,817
6,137,0,47,0,1,52,57,35,3,2,2,0,2,13,13,25,7,0,8,2,0,1154
6,154,1,50,1,0,37,38,24,2,1,2,0,1,5,13,10,7,0,5,1,0,1061
6,82,1,25,3,0,14,58,17,1,1,0,0,1,6,10,9,1,0,6,1,0,632
6,121,1,44,1,4,43,69,19,3,0,3,0,0,12,5,21,33,2,5,8,0,1080
6,155,0,33,1,0,30,76,17,6,1,6,0,2,8,6,18,4,2,4,10,1,1136
6,235,10,92,15,8,107,280,58,11,7,19,0,4,46,59,73,16,8,40,15,1,3067
6,123,1,67,3,1,66,120,32,7,6,9,0,4,8,20,25,13,2,13,9,0,1539
6,227,0,102,0,1,68,89,25,10,0,5,0,4,5,9,19,8,2,7,24,0,1823
6,333,3,93,6,2,78,102,36,8,2,1,0,5,11,20,22,8,3,22,13,0,2414
6,173,1,137,4,5,54,91,45,9,2,3,0,6,8,14,21,5,4,15,10,0,1802
6,193,0,106,1,4,40,57,15,4,1,4,0,2,13,12,20,9,2,7,9,0,1424
6,146,0,38,1,0,7,31,11,2,0,4,0,0,8,7,16,1,0,8,5,0,960
6,229,0,23,0,1,12,35,7,8,0,2,0,0,7,4,4,1,0,2,5,0,1008
6,250,3,76,4,4,50,86,33,5,2,0,0,0,22,20,33,2,0,12,7,0,1758
6,80,3,33,4,2,21,38,16,7,0,0,0,0,10,15,20,10,0,7,4,1,759
6,49,6,32,1,0,31,23,12,5,0,2,0,1,5,8,19,5,6,7,1,0,603
6,16,0,3,2,0,8,5,2,2,0,1,0,0,1,1,2,4,0,4,1,0,167
6,27,2,11,3,0,9,3,2,0,0,1,0,0,7,3,7,4,0,1,1,0,233
6,1,1,0,0,0,0,1,1,0,0,0,0,0,0,0,0,0,0,0,0,0,10
6,1,0,0,0,0,0,0,0,0,0,0,0,0,0,0,0,0,0,0,0,0,4
6,1,0,0,0,0,0,0,0,0,0,0,0,0,0,0,0,0,0,0,0,1,8
6,1,0,0,0,0,0,0,0,0,0,0,0,0,0,0,0,0,0,0,0,0,9
6,1,0,0,0,0,0,0,0,0,0,0,0,0,0,0,0,0,0,0,0,0,2
6,13,0,1,0,0,0,1,1,0,0,0,0,0,0,0,0,1,0,0,0,0,45
6,42,0,4,1,0,11,14,9,0,1,3,0,0,6,1,4,0,0,1,3,0,300
6,58,2,3,4,0,8,15,9,0,0,0,0,0,3,9,7,0,0,1,0,0,406
6,1,0,1,0,0,0,0,0,0,0,0,0,0,1,0,0,0,0,0,0,0,8
6,26,0,8,1,0,5,4,3,3,0,0,0,0,5,1,0,2,0,0,0,0,167
6,1,0,0,0,0,0,0,0,0,0,0,0,1,0,0,0,0,0,0,0,0,8
6,15,0,4,0,0,0,5,2,2,0,0,0,0,2,1,1,0,0,0,0,0,91
6,7,0,0,0,0,0,3,1,0,0,0,0,0,0,0,2,1,0,0,0,0,44
6,11,1,4,0,1,0,7,2,0,0,0,0,1,1,0,0,2,0,2,0,0,84
6,36,1,22,2,1,21,37,15,1,4,0,0,3,6,15,14,5,0,5,5,0,542
6,230,23,145,30,9,168,242,100,29,13,19,0,11,61,70,91,43,4,45,28,0,3755
6,28,0,8,1,0,12,10,1,0,1,0,0,2,3,6,4,1,0,2,1,0,215
6,58,5,27,9,0,36,46,30,7,6,5,0,5,24,21,40,22,1,4,5,0,1114
6,62,6,13,3,2,33,56,11,7,2,4,0,3,15,8,7,1,0,12,3,0,883
6,330,10,249,8,1,91,174,76,11,12,10,0,11,29,46,65,32,3,28,15,1,3266
6,5,0,18,0,0,1,7,0,1,0,0,0,0,2,1,1,0,0,0,0,0,118
6,117,1,50,3,0,25,45,14,6,1,2,0,0,6,18,9,7,1,7,4,0,922
6,182,1,67,3,0,27,56,18,4,0,4,0,4,14,15,15,8,0,3,6,0,1305
6,95,1,26,1,1,21,29,8,0,0,3,0,1,3,5,7,6,0,6,7,0,594
6,177,5,42,0,1,31,59,22,4,1,1,1,3,17,14,8,7,0,5,8,0,1215
6,1,0,0,0,0,0,0,0,0,0,0,0,0,0,0,0,0,0,0,0,0,1
6,76,0,46,3,0,0,14,18,2,0,1,0,0,3,5,12,3,0,1,0,0,601
6,2,0,1,0,1,3,1,0,1,0,0,0,0,1,0,0,0,0,0,0,0,21
6,2,0,0,0,0,1,0,0,0,0,0,0,0,0,0,1,0,0,0,0,0,11
6,6,0,2,0,0,0,0,0,0,0,0,0,0,0,0,0,0,0,0,0,0,13
6,1,0,2,0,0,0,0,0,0,0,0,0,0,0,1,0,0,0,0,0,0,16
6,1,0,2,0,0,0,0,0,0,0,0,0,0,0,0,1,0,0,0,0,0,18
6,3,0,1,0,0,0,0,0,0,0,0,0,0,0,0,0,0,0,0,0,0,4
6,0,0,0,0,0,0,0,0,0,0,0,0,0,0,0,0,0,0,0,0,0,1
6,20,6,4,1,2,13,8,7,2,1,0,0,0,11,18,14,9,0,1,4,0,328
6,23,2,7,0,0,10,8,8,2,0,0,0,0,3,9,2,4,0,4,2,0,251
6,19,3,5,1,0,13,11,7,1,0,0,0,1,3,4,7,3,0,3,2,0,236
6,28,2,18,4,0,35,28,17,2,1,0,0,2,8,16,15,11,0,6,3,0,721
6,244,2,4,0,0,1,8,1,2,0,0,0,0,2,4,9,2,0,0,0,0,784
6,336,0,18,0,2,24,29,18,0,2,0,0,1,15,22,30,14,0,8,2,0,1458
6,247,0,26,2,1,13,20,18,2,0,0,0,0,5,11,15,1,0,3,2,0,1095
6,351,0,17,0,2,11,7,10,4,0,0,0,1,0,7,16,0,0,1,0,0,1200
6,14,0,5,0,0,0,1,0,0,1,0,0,0,0,1,0,0,0,0,0,0,31
6,125,1,3,0,0,1,5,0,0,0,0,0,0,2,1,6,4,0,0,0,0,353
6,13,0,1,0,0,0,0,0,0,0,0,0,0,0,0,0,0,0,0,0,0,24
6,31,0,0,0,0,0,0,0,0,0,0,0,0,0,0,0,0,0,0,0,0,62
6,3,2,1,0,0,6,11,4,0,0,5,0,0,2,6,2,11,0,1,1,0,128
6,0,0,0,0,0,0,2,1,0,1,0,0,0,1,0,3,2,1,0,0,0,39
6,1,6,5,0,0,2,14,6,3,1,1,0,1,4,5,14,4,0,1,1,0,222
6,57,36,67,15,6,48,214,77,65,17,18,0,22,73,77,85,66,13,56,15,1,2678
6,51,27,63,18,4,82,179,99,42,18,16,0,9,84,123,115,64,7,56,19,0,3051
6,13,22,15,11,2,32,39,27,15,4,2,0,4,20,51,48,25,2,19,2,0,831
6,25,18,19,5,0,32,60,27,19,6,9,2,2,22,35,34,27,2,20,6,1,909
6,18,7,16,4,0,20,52,19,11,7,5,0,2,12,42,21,20,0,19,0,0,802
6,137,68,72,9,4,195,243,66,42,6,5,0,6,85,83,42,54,6,37,31,0,3859
6,49,8,19,2,0,28,50,20,7,4,0,0,3,16,25,20,6,1,12,3,0,872
6,0,159,17,53,11,3,62,89,63,17,4,4,0,4,38,36,53,25,0,9,9,1867
6,0,5,0,1,0,0,2,15,12,0,0,0,0,0,6,0,2,3,0,4,4,61
6,0,87,10,37,2,2,17,32,29,8,6,0,0,0,14,10,29,15,1,5,3,518
6,0,1,0,0,0,0,1,1,0,0,0,0,0,0,0,0,0,0,0,0,0,2
6,0,8,1,12,2,0,0,7,4,0,0,0,0,0,3,0,2,2,0,0,1,60
6,0,24,0,7,0,0,5,6,11,0,2,0,0,0,1,1,1,0,0,0,1,90
6,0,18,0,11,0,0,5,5,5,0,0,0,0,0,3,2,6,0,0,1,1,107
6,0,34,8,14,0,0,5,17,16,1,0,0,0,1,8,11,9,3,0,2,5,214
6,0,4,0,1,0,0,0,0,0,0,0,0,0,0,0,0,0,0,0,0,0,11
6,0,3,0,0,0,0,0,0,1,0,0,0,0,0,0,0,0,0,0,0,0,10
6,0,33,0,4,0,0,8,12,15,0,0,0,0,0,3,6,4,1,0,0,1,125
6,0,2,0,0,0,0,2,0,0,0,0,0,0,0,0,2,0,0,0,0,0,9
6,0,1,0,0,0,0,0,1,0,0,0,0,0,0,0,0,0,0,0,0,0,1
6,0,9,0,1,1,0,0,0,0,0,0,0,0,0,0,1,3,0,0,0,0,22
6,0,31,0,0,0,0,0,0,1,0,1,0,0,0,4,3,4,0,0,0,1,64
6,0,1,0,0,0,0,0,0,0,0,0,0,0,0,0,0,0,0,0,0,1,2
6,0,0,0,0,0,0,0,0,0,0,0,0,0,0,0,1,0,0,0,0,0,4
6,0,7,0,0,0,0,0,1,0,0,0,0,0,0,0,1,0,0,0,0,0,10
6,0,12,0,0,0,0,0,0,0,0,0,0,0,0,0,1,0,0,0,0,0,18
6,0,23,0,0,0,1,0,0,0,0,0,0,0,0,1,4,3,0,0,0,0,44
6,0,1,0,0,0,0,0,0,0,0,0,0,0,0,0,0,0,0,0,0,0,1
6,0,1,0,0,0,0,0,0,0,0,0,0,0,0,0,0,0,0,0,0,0,4
6,0,1,0,0,0,0,0,0,0,0,0,0,0,0,0,2,0,0,0,0,0,7
6,0,1,0,0,0,0,0,0,0,0,0,0,0,0,0,1,0,0,0,0,0,5
6,0,3,0,0,0,0,0,0,0,0,0,0,0,0,0,0,0,0,0,0,0,10
6,0,2,0,0,0,0,0,0,0,0,0,0,0,0,0,0,0,0,0,0,0,3
6,0,8,0,0,0,0,0,0,0,0,0,0,0,0,0,4,0,0,0,0,1,19
6,0,7,0,0,0,0,1,1,0,0,0,0,0,0,0,4,1,0,0,1,0,30
6,0,1,0,0,0,0,0,0,0,0,0,0,0,0,1,0,1,0,0,0,0,3
6,0,2,0,0,0,0,0,0,0,0,0,0,0,0,0,1,0,0,0,0,0,5
6,0,5,0,0,0,0,0,1,1,0,0,0,0,0,0,5,0,0,0,0,1,18
6,0,8,0,0,0,0,0,0,1,0,0,0,0,0,0,0,0,0,0,0,0,10
7,1,0,1,0,0,0,0,0,0,0,0,0,0,1,0,0,0,0,0,0,0,9
7,60,988,112,38,14,284,684,466,171,25,36,2,17,42,140,179,95,14,92,104,1,8004
7,21,132,10,0,0,12,42,22,5,0,0,0,2,1,3,6,3,3,5,13,0,740
7,5,20,2,0,0,0,3,5,0,0,0,0,0,0,0,1,0,0,0,2,0,145
7,1,52,3,0,0,0,0,0,0,0,0,0,0,0,6,4,0,0,0,0,0,147
7,36,3,3,0,0,3,4,0,0,0,0,0,0,0,1,2,0,0,2,0,0,137
7,0,0,0,0,0,0,1,2,0,0,0,0,0,0,0,0,0,0,0,0,0,5
7,17,1,2,0,0,0,2,1,0,0,0,0,0,0,0,0,0,0,0,1,0,52
7,4,2,0,0,0,0,0,0,0,0,0,0,0,0,0,0,0,0,0,0,0,9
7,12,40,1,0,0,3,13,7,4,3,0,0,0,0,1,5,1,0,2,2,0,234
7,21,24,0,0,0,0,1,1,4,0,0,0,0,0,0,0,0,0,0,0,0,220
7,25,14,0,0,0,3,13,0,0,0,0,0,0,0,0,2,0,0,0,0,0,250
7,51,14,0,0,0,1,5,0,0,0,0,0,0,0,2,3,1,0,0,0,0,246
7,0,4,0,0,0,0,1,0,0,0,0,0,0,0,0,0,0,0,0,0,0,15
7,0,1,0,0,0,0,0,0,0,0,0,0,0,0,0,7,2,0,0,0,0,308
7,140,86,1,1,0,1,4,1,0,0,0,0,0,0,10,14,3,0,1,2,0,965
7,46,20,1,1,0,0,0,2,0,0,0,0,0,0,1,6,0,0,0,0,0,260
7,74,168,4,0,0,13,40,0,2,1,0,0,0,0,1,16,5,1,0,2,0,1017
7,0,3,0,0,0,0,2,0,0,0,0,0,0,0,0,0,0,0,0,0,0,11
7,3,52,0,0,0,0,27,1,1,0,1,0,0,0,2,0,0,0,0,0,0,128
7,1,48,2,0,0,3,29,1,1,0,0,0,0,0,20,10,25,2,2,1,0,347
7,5,31,0,0,0,0,0,0,0,0,0,0,0,0,0,0,0,0,0,0,0,60
7,51,59,6,1,0,0,7,0,4,0,0,0,0,0,0,7,2,0,0,2,0,493
7,66,28,1,0,0,4,7,1,2,0,0,0,0,0,0,19,1,0,1,1,0,492
7,13,25,1,0,0,1,11,0,10,1,0,0,0,0,1,0,0,0,0,0,0,122
7,1,2,0,0,0,2,6,0,0,0,0,0,0,0,1,3,1,0,0,1,0,207
7,1,6,0,0,0,2,8,0,0,0,0,0,0,0,2,0,0,0,0,2,0,52
7,2,206,0,0,1,5,12,1,2,0,0,0,0,0,0,0,0,1,0,0,0,244
7,15,70,2,0,0,3,33,0,0,1,0,0,0,0,1,5,6,0,2,1,0,307
7,0,11,13,0,0,2,20,0,2,0,0,0,0,0,0,0,0,0,1,0,0,95
7,0,5,0,0,0,0,0,0,0,0,0,0,0,0,0,0,0,0,0,0,0,5
7,3,74,4,0,0,0,31,1,2,1,0,0,0,0,5,1,0,0,0,2,0,277
7,1,9,0,0,0,0,24,5,4,0,0,0,0,0,0,0,0,0,0,1,0,50
7,2,20,0,0,0,0,2,3,0,1,0,0,0,0,0,1,0,0,0,0,0,109
7,0,4,0,0,0,1,5,1,3,0,0,0,0,0,0,0,0,0,0,0,0,20
7,0,16,1,0,0,0,20,2,8,0,0,0,0,0,0,0,0,0,1,0,0,52
7,0,9,0,0,0,0,1,0,0,0,0,0,0,0,0,0,0,0,0,0,0,19
7,0,0,0,0,0,0,0,0,0,0,0,0,0,0,0,0,0,0,0,0,0,5
7,118,0,0,0,2,0,1,0,0,0,0,0,0,0,1,0,0,0,0,0,0,132
7,7,31,0,4,0,5,26,14,1,0,0,0,1,0,3,5,2,0,0,11,0,300
7,0,13,0,0,0,0,1,0,0,0,0,0,0,0,0,0,0,0,0,0,0,33
7,25,45,6,0,0,2,3,24,1,0,0,0,0,0,1,3,2,0,0,5,0,403
7,12,63,1,0,0,1,6,11,0,0,0,0,0,0,1,6,0,0,0,0,0,332
7,2,0,0,0,0,0,0,0,0,0,0,0,0,0,0,0,0,0,0,0,0,7
7,1,0,0,0,0,0,0,0,1,0,0,0,0,1,9,0,1,0,0,0,0,37
7,8,16,1,0,0,4,7,15,3,0,0,0,0,0,1,2,1,0,1,4,0,141
7,2,3,0,0,0,0,0,0,3,0,0,0,0,0,0,0,0,0,0,1,0,27
8,2,15,0,0,0,0,0,0,0,0,0,0,0,0,0,0,0,0,0,0,0,28
8,61,809,11,8,0,27,200,42,78,0,3,1,2,12,60,32,36,6,10,13,0,2563
8,0,110,1,0,0,0,4,0,0,0,0,0,0,0,0,0,0,0,0,0,0,118
8,50,99,0,0,0,11,5,1,0,0,0,0,0,0,6,5,0,0,1,5,0,399
8,2,21,2,0,0,2,6,0,0,0,0,0,1,0,0,2,0,0,0,0,0,86
8,0,30,0,0,0,0,12,0,3,0,0,0,0,0,0,0,0,0,0,1,0,49
8,0,21,0,0,0,0,0,0,0,0,0,0,0,0,0,0,0,0,0,0,0,21
8,0,271,0,0,0,0,24,8,7,0,0,0,0,0,3,0,0,1,0,0,0,351
8,22,12,0,0,0,0,1,0,0,0,0,0,0,0,0,1,1,0,0,0,0,88
8,21,15,1,0,0,4,1,0,0,0,0,0,0,8,2,0,1,0,0,1,0,244
8,1,2,0,0,0,0,1,0,0,0,0,0,0,0,0,8,4,1,0,0,0,711
8,51,0,1,0,0,0,0,0,0,0,0,0,0,0,2,7,0,0,0,0,0,194
8,59,10,0,0,0,0,0,0,0,0,0,0,0,0,1,8,1,0,0,0,0,584
8,26,5,0,0,0,0,1,0,0,0,0,0,0,0,1,2,0,0,0,0,0,140
8,17,0,0,0,0,0,0,0,0,0,0,0,0,0,0,3,2,0,0,0,0,148
8,76,0,0,0,0,3,0,0,0,0,0,0,0,0,0,4,1,0,0,2,0,216
8,91,32,0,0,0,3,7,1,0,0,0,0,0,2,14,65,7,1,0,1,0,1423
8,2,0,0,0,0,0,0,0,0,0,0,0,0,0,0,5,1,0,0,0,0,165
8,78,0,0,0,0,0,1,0,3,0,0,0,0,0,13,11,4,0,0,1,0,424
8,67,1,1,0,0,0,2,0,2,0,0,0,0,0,4,14,5,0,0,0,0,686
8,15,0,1,0,0,0,0,0,0,0,0,0,0,0,2,3,0,0,0,0,0,163
8,26,5,1,0,0,0,0,0,0,0,0,0,0,0,1,5,1,0,0,0,0,152
8,0,0,0,0,0,0,0,0,0,0,0,0,0,0,1,0,0,0,0,0,0,3
8,38,5,0,0,0,3,0,0,0,0,0,0,0,0,2,5,0,0,0,0,0,254
8,94,42,3,0,0,9,10,0,0,0,0,0,0,1,3,17,5,0,0,2,0,669
8,8,16,0,0,0,0,0,0,0,0,0,0,0,0,0,4,1,0,0,0,0,98
8,3,5,0,0,0,0,0,0,0,0,0,0,0,0,0,0,0,0,0,0,0,17
8,92,39,1,0,0,0,4,0,4,0,0,0,0,0,0,9,1,0,0,1,0,409
8,20,1,0,0,0,0,1,1,0,0,0,0,0,0,1,2,1,0,0,0,0,72
8,0,59,0,0,0,0,3,4,1,0,0,0,0,0,0,0,0,1,0,0,0,86
8,25,0,0,0,0,1,0,0,0,0,0,0,0,0,0,2,2,0,0,0,0,331
9,42,21,0,0,0,0,1,0,0,0,0,0,0,0,1,7,1,0,0,2,0,289
9,104,0,0,0,0,0,1,0,2,0,0,0,0,0,2,8,4,0,0,0,0,420
9,316,6,13,0,0,24,12,3,4,1,0,0,0,3,8,13,9,1,2,4,0,1024
9,80,15,2,1,0,3,3,0,0,0,0,0,0,0,3,4,1,1,1,3,0,297
9,45,2,0,0,0,0,1,0,0,0,0,0,0,0,0,1,1,0,0,3,0,114
9,47,0,1,0,0,3,3,2,1,0,0,0,3,0,0,6,1,3,0,0,0,241
9,86,1,8,0,0,14,2,3,2,0,0,0,0,1,0,7,2,1,1,5,0,438
9,65,8,4,0,0,13,8,2,3,0,0,0,1,1,4,5,1,0,1,0,0,388
9,63,3,4,0,0,4,9,3,3,1,0,0,1,9,6,9,2,0,0,4,0,353
9,26,7,8,0,0,23,10,4,10,2,0,0,0,1,16,16,4,1,1,0,0,481
9,43,11,5,0,0,3,3,0,3,0,0,0,0,0,2,12,2,21,0,0,0,313
9,63,9,13,1,0,9,11,1,14,0,0,0,2,0,2,17,2,1,0,2,0,433
9,67,1,1,0,0,0,0,0,1,0,0,0,0,0,3,1,0,0,0,0,0,208
9,70,0,8,1,0,3,6,3,4,2,0,0,4,1,3,3,2,0,3,5,0,332
9,38,2,4,2,0,1,3,2,30,0,0,0,5,3,1,8,1,2,0,2,0,274
9,22,0,0,0,0,3,0,0,2,0,0,0,0,2,1,0,0,0,0,0,0,145
9,3,0,0,0,0,0,0,0,0,0,0,0,0,7,0,0,0,0,0,0,0,19
9,250,0,0,0,0,3,1,1,0,0,0,0,0,1,4,15,1,0,1,2,0,833
9,25,0,0,0,0,4,2,0,2,0,0,0,0,0,0,1,1,0,0,0,0,254
9,11,0,1,0,0,0,0,0,0,0,0,0,0,0,0,0,0,0,0,0,0,18
9,26,0,1,0,0,4,0,0,0,0,0,0,0,0,0,0,0,0,0,0,0,32
9,19,0,0,0,0,0,0,0,0,0,0,0,0,0,0,0,0,0,0,0,0,45
9,87,10,4,0,0,3,12,2,9,0,0,0,1,7,7,13,2,0,1,10,0,493
9,206,8,0,0,0,0,0,1,3,0,0,0,0,0,0,2,2,1,0,4,0,560
9,106,7,5,0,0,2,5,1,2,0,0,0,0,0,0,11,0,0,0,1,0,421
9,143,13,5,0,1,5,6,0,1,0,0,0,0,0,2,12,2,0,0,2,0,677
9,47,0,2,0,0,0,1,0,1,0,0,0,0,0,1,6,1,0,0,2,0,363
9,10,0,0,0,0,1,1,0,0,0,0,0,0,1,1,2,0,0,0,2,0,27
9,31,9,9,3,0,61,81,34,11,0,5,0,1,4,18,9,6,0,5,19,0,848
9,19,47,32,15,1,76,232,63,45,9,11,0,12,9,74,33,29,5,21,27,0,1702
9,3,2,2,3,0,20,33,8,3,0,1,0,4,4,13,10,4,0,2,5,1,257
9,24,32,28,2,2,77,104,20,15,2,3,0,3,15,53,43,9,1,8,29,0,1276
9,78,17,4,1,0,12,16,1,6,0,0,0,0,0,3,8,5,0,0,10,0,319
9,72,8,5,0,0,9,6,1,6,0,0,0,0,2,4,13,1,0,2,7,0,440
9,21,0,1,0,0,0,0,1,0,0,0,0,0,0,1,2,1,0,1,2,0,156
9,33,2,1,0,0,1,6,0,1,0,0,0,0,0,0,1,0,0,0,3,0,243
9,216,5,3,0,0,4,4,0,0,0,1,0,0,0,2,11,2,1,0,22,0,603
9,35,0,0,0,0,0,0,0,0,0,0,0,0,0,0,3,0,0,0,0,0,154
9,75,1,0,0,0,0,0,0,0,0,0,0,0,0,0,2,1,0,0,10,0,249
9,15,0,9,0,0,3,1,0,0,0,0,0,0,0,0,3,1,0,0,0,0,71
9,22,1,1,0,0,5,0,0,0,0,0,0,0,0,2,0,2,1,1,0,0,109
9,194,5,7,0,0,6,15,6,4,0,0,0,0,1,3,17,2,0,0,13,0,764
9,44,0,0,0,0,1,2,0,2,0,0,0,0,0,0,8,3,0,0,1,0,284
9,55,2,2,0,0,7,2,2,9,1,0,0,0,0,5,15,2,0,0,2,0,326
9,89,2,0,0,0,0,1,0,1,0,0,0,0,0,1,1,1,0,0,0,0,272
9,21,1,0,0,0,0,1,0,0,0,0,0,0,0,0,0,1,0,0,3,0,107
9,2,0,0,0,0,0,0,0,0,0,0,0,0,0,0,0,0,0,0,0,0,3
9,68,1,0,0,0,1,4,0,4,0,0,0,0,1,0,4,1,1,0,3,0,391
9,5,0,0,0,0,0,0,0,0,0,0,0,0,0,0,0,0,0,0,0,0,5
9,106,1,0,0,0,0,0,0,0,0,0,0,0,0,1,10,3,0,0,1,0,444
9,137,0,1,0,0,3,3,0,0,0,0,0,0,0,2,5,1,0,0,0,0,372
9,165,12,9,0,0,5,11,0,3,0,0,0,0,0,4,17,2,0,1,4,0,718
9,170,3,2,0,0,4,2,0,10,0,0,0,1,0,3,9,0,0,0,0,0,575
9,188,19,11,0,0,10,23,9,4,0,0,0,0,2,9,38,23,0,10,12,0,1069
9,125,20,4,0,0,5,7,1,1,0,0,0,0,0,1,20,2,0,0,6,0,909
9,85,41,0,0,0,0,3,0,0,0,0,0,0,0,2,12,2,0,0,6,0,586
9,6,7,0,0,0,1,3,0,0,0,0,0,0,0,0,2,1,1,0,0,0,154
9,36,6,1,0,0,1,0,0,0,0,0,0,1,0,6,4,1,0,0,1,0,201
9,3,43,2,0,0,0,3,0,0,0,0,0,0,0,0,0,0,0,0,0,0,53
9,90,2,5,0,0,0,1,0,0,0,0,0,0,8,4,5,0,0,0,0,0,237
9,80,5,4,0,0,0,1,1,3,0,0,0,2,0,5,4,2,0,0,0,0,271
10,18,5,2,0,0,2,8,2,0,0,0,0,0,1,0,0,0,0,1,0,0,251
10,59,247,52,15,10,127,174,134,21,14,6,0,5,49,71,82,47,6,40,3,0,6408
10,34,23,3,0,3,19,21,12,4,3,4,0,0,3,12,6,3,1,4,1,0,938
10,1,6,1,0,0,2,3,0,2,0,2,0,0,1,0,1,1,1,2,0,0,168
10,29,59,14,4,6,10,59,15,3,3,5,0,3,7,27,25,16,2,13,1,0,1555
10,8,17,7,2,0,19,32,15,19,1,4,0,2,11,27,14,5,3,7,2,0,932
10,2,21,6,2,0,3,19,6,7,1,1,0,0,2,12,0,6,3,6,1,0,483
10,4,7,0,2,1,1,6,8,1,1,1,0,0,3,4,3,4,0,3,1,0,226
10,6,16,2,6,0,4,10,13,3,4,3,0,3,4,5,7,15,0,5,1,1,507
10,52,58,19,2,3,27,39,17,6,3,2,0,3,22,38,13,13,4,11,1,0,2023
10,7,20,7,2,1,10,21,18,8,1,0,0,1,11,9,6,2,1,5,0,0,734
10,24,123,25,7,8,66,117,40,26,6,4,0,2,43,55,53,28,4,17,5,0,4137
10,14,29,15,6,0,21,27,15,4,1,1,0,0,11,30,15,10,1,7,9,0,1457
10,9,60,10,3,4,42,39,19,9,0,1,0,0,24,26,37,10,0,13,3,0,1894
10,4,11,5,1,0,7,12,8,6,0,0,0,0,6,10,6,12,1,5,0,0,560
10,6,32,5,2,2,9,19,10,2,2,0,0,1,4,12,7,7,1,3,4,0,781
10,8,44,6,1,1,12,32,10,6,0,0,0,1,3,4,11,6,1,4,2,0,1004
10,13,34,10,2,0,17,17,6,3,0,0,0,0,13,13,3,5,0,7,0,0,935
10,44,139,23,1,2,65,80,55,15,5,2,1,3,38,48,30,23,3,14,2,1,3932
10,5,3,0,0,0,0,0,0,0,0,0,0,0,0,0,0,0,0,0,0,0,37
10,1,0,0,0,0,0,0,0,0,0,0,0,0,0,0,0,0,0,0,0,0,3
10,0,1,1,0,0,0,1,0,0,0,0,0,0,0,0,0,0,0,0,0,0,16
10,1,0,0,0,0,0,0,0,0,0,0,0,0,0,0,0,0,0,0,0,0,12
10,17,11,0,0,0,2,1,0,1,0,0,0,0,1,2,1,1,0,0,0,0,220
10,22,35,6,0,0,4,4,4,0,0,0,0,0,6,2,1,3,0,3,2,0,611
10,0,0,0,0,0,0,0,1,0,0,0,0,0,0,0,0,0,0,0,0,0,11
10,2,1,0,0,0,1,0,0,0,0,0,0,0,0,0,0,0,0,0,0,0,21
10,12,7,0,1,0,1,0,2,0,0,0,0,0,0,1,0,0,1,0,1,0,164
10,7,0,0,0,0,0,2,0,0,0,0,0,0,0,1,0,1,0,0,0,0,89
10,13,0,0,0,0,0,0,0,0,0,0,0,0,0,0,0,0,0,0,0,0,71
10,18,0,0,0,0,0,0,0,0,0,0,0,0,0,0,0,1,0,0,0,0,119
10,7,0,0,0,0,2,1,1,0,0,0,0,0,0,0,0,0,0,0,0,0,61
10,6,0,0,0,0,0,0,0,0,0,0,0,0,0,0,0,0,0,0,0,0,32
10,2,0,0,0,0,0,0,0,0,0,0,0,0,0,0,0,0,0,0,0,0,9
10,4,0,0,0,0,0,0,0,0,0,0,0,0,0,0,0,0,0,0,0,0,18
10,13,1,0,0,0,0,0,0,0,0,0,0,0,0,0,0,0,0,0,0,0,76
10,12,4,0,0,0,0,0,0,0,0,0,0,0,0,2,0,0,0,0,0,0,101
10,4,0,0,0,0,0,0,0,0,0,0,0,0,0,0,0,0,0,0,0,0,13
10,87,6,4,4,1,0,4,3,1,0,0,0,0,3,8,8,5,0,3,0,0,676
10,10,4,1,0,0,0,1,1,0,0,0,0,0,0,1,0,0,0,0,0,0,74
10,60,1,1,0,0,1,7,0,1,0,0,0,0,6,3,0,0,0,0,0,0,208
10,0,1,0,0,0,0,0,0,0,0,0,0,0,0,0,0,0,0,0,0,0,3
10,9,22,0,0,0,1,4,0,1,0,0,0,1,3,1,0,0,0,0,0,0,216
10,17,7,0,0,0,0,3,3,0,0,0,0,0,1,4,3,0,0,0,0,0,218
10,11,2,0,0,0,0,2,0,0,0,0,0,0,5,0,0,0,0,0,0,0,63
10,7,0,0,0,0,0,0,0,0,0,0,0,0,0,0,0,0,0,0,0,0,10
10,2,5,0,0,0,0,0,0,0,0,0,0,0,1,0,0,0,0,0,0,0,40
10,16,49,2,0,0,9,5,19,0,0,0,0,0,1,1,2,1,0,3,2,0,676
10,11,2,0,0,0,1,0,1,0,0,0,0,0,0,0,0,0,0,0,0,0,122
10,18,0,16,0,0,0,1,1,0,0,0,0,0,1,0,0,1,0,0,0,0,256
10,1,0,0,0,0,0,0,0,0,0,0,0,0,0,0,0,0,0,0,0,0,10
10,3,0,0,0,0,0,0,0,0,0,0,0,1,1,0,0,0,0,0,0,0,25
10,0,0,0,0,0,0,0,0,0,0,0,0,3,0,0,0,0,0,0,0,0,10
10,3,0,0,0,0,0,1,0,0,0,0,0,0,0,0,0,0,0,0,0,0,20
10,1,0,0,0,0,0,0,0,0,0,0,0,0,0,0,0,0,0,0,0,0,3
10,1,0,0,0,0,0,0,0,0,0,0,0,0,0,0,0,0,0,0,0,0,1
10,7,0,0,0,0,0,0,0,0,0,0,0,0,0,0,0,0,0,0,0,0,28
10,17,0,0,0,0,2,1,0,0,0,0,0,0,0,0,0,1,0,0,0,0,80
10,0,0,0,0,0,0,0,0,0,0,0,0,0,0,0,0,0,0,0,0,0,5
10,4,0,0,0,0,0,0,0,0,0,0,0,0,0,0,0,0,0,0,0,0,19
10,1,0,0,0,0,0,0,0,0,0,0,0,0,0,0,0,0,0,0,0,0,5
10,2,0,0,0,0,0,0,0,0,0,0,0,0,0,0,0,0,0,0,0,0,11
10,16,0,0,0,0,0,0,2,0,0,0,0,0,0,0,0,0,0,0,0,0,84
10,0,0,0,0,0,0,1,1,0,0,0,0,0,0,0,1,1,0,0,0,0,21
10,2,0,0,0,0,0,0,0,0,0,0,0,0,0,0,0,0,0,0,0,0,13
10,1,0,0,0,0,0,0,0,0,0,0,0,0,0,0,0,0,0,0,0,0,14
10,1,0,0,0,0,0,0,0,0,0,0,0,0,0,0,0,0,0,0,0,0,21
10,0,0,0,0,0,0,0,0,0,0,0,0,0,0,0,0,0,0,0,0,0,59
10,1,0,0,0,0,0,0,0,0,0,0,0,0,0,0,0,0,0,0,0,0,52
10,30,0,4,0,0,2,4,0,0,0,0,0,0,0,1,2,1,0,0,0,0,263
10,10,0,1,0,0,1,0,0,0,0,0,0,0,0,0,0,0,0,0,0,0,65
10,2,0,0,0,0,0,0,0,0,0,0,0,0,0,0,0,0,0,0,0,0,11
10,3,0,1,0,0,0,0,0,0,0,0,0,0,0,0,0,0,0,0,0,0,33
10,1,0,0,0,0,0,0,0,0,0,0,0,0,0,0,0,0,0,0,0,0,11
10,0,0,0,0,0,0,0,0,0,0,0,0,0,0,0,0,0,0,0,0,0,3
10,10,0,1,0,0,2,1,0,0,0,0,0,0,0,0,1,1,0,0,0,0,69
10,3,0,0,0,0,0,1,0,0,0,0,0,0,0,0,0,0,0,0,0,0,18
10,7,0,0,0,0,0,1,0,0,0,0,0,0,0,0,0,0,0,0,0,0,29
10,2,1,0,0,0,0,1,0,0,0,0,0,1,0,0,0,0,0,0,0,0,10
10,2,1,0,0,0,0,1,0,0,0,0,0,0,0,0,1,0,0,0,0,0,21
10,5,0,0,0,0,0,0,0,0,0,0,0,0,0,0,0,0,0,0,0,0,21
10,3,0,0,0,0,0,0,0,0,0,0,0,0,1,0,0,0,0,0,0,0,12
10,3,0,0,0,0,0,0,0,0,0,0,0,0,0,8,0,0,0,0,0,0,16
10,1,0,0,0,0,0,0,0,0,0,0,0,0,0,0,0,0,0,0,0,0,2
10,2,0,0,0,0,0,1,0,0,0,0,0,0,1,0,1,0,0,0,0,0,14
10,7,0,0,0,0,2,1,0,0,0,0,0,0,0,0,0,0,0,0,0,0,52
10,0,0,0,0,0,0,0,0,0,0,0,0,1,0,0,0,0,0,0,0,0,8
10,2,1,0,0,0,1,1,0,0,0,0,0,0,0,0,0,0,0,0,0,0,21
10,2,1,0,0,0,0,0,0,0,0,0,0,0,0,1,0,0,0,0,0,0,28
10,2,0,0,0,0,0,0,0,0,0,0,0,0,0,0,0,0,0,0,0,0,13
10,24,1,0,0,0,0,0,0,0,0,0,0,0,0,1,0,1,0,0,0,0,191
10,4,0,0,0,0,0,0,0,0,0,0,0,0,0,0,0,0,0,0,0,0,22
10,0,0,0,0,0,0,0,0,0,0,0,0,0,1,2,0,0,0,0,0,0,19
10,0,0,1,0,0,0,2,0,0,0,0,0,0,0,0,0,0,0,0,0,0,11
10,3,0,0,0,0,0,0,0,0,0,0,0,0,0,0,0,0,0,0,0,0,14
10,0,0,0,0,0,0,1,0,0,0,0,0,0,0,0,1,0,0,0,0,0,16
10,0,0,0,0,0,0,0,0,0,0,0,0,0,0,0,0,0,0,0,0,0,6
10,1,0,0,0,0,0,0,0,0,0,0,0,0,0,0,0,0,0,0,0,0,7
10,26,171,1,0,0,12,11,8,4,0,0,0,0,0,4,7,0,0,0,1,0,863
10,49,22,0,0,0,4,1,0,0,0,0,0,0,0,2,2,2,0,0,0,0,484
10,134,153,20,6,6,19,69,28,9,3,0,0,0,29,20,22,14,5,10,4,0,2504
10,2,0,67,0,0,1,0,0,0,0,0,0,0,0,0,0,0,0,0,0,0,103
10,25,5,0,0,0,1,4,0,0,0,0,0,0,1,0,0,0,0,0,0,0,226
10,1,0,1,0,0,0,0,0,0,0,0,0,0,0,0,0,0,0,0,0,0,9
